-- phpMyAdmin SQL Dump
-- version 4.6.6
-- https://www.phpmyadmin.net/
--
-- Host: localhost
-- Generation Time: Nov 17, 2017 at 06:35 AM
-- Server version: 5.7.17-log
-- PHP Version: 5.6.30

SET SQL_MODE = "NO_AUTO_VALUE_ON_ZERO";
SET time_zone = "+00:00";


/*!40101 SET @OLD_CHARACTER_SET_CLIENT=@@CHARACTER_SET_CLIENT */;
/*!40101 SET @OLD_CHARACTER_SET_RESULTS=@@CHARACTER_SET_RESULTS */;
/*!40101 SET @OLD_COLLATION_CONNECTION=@@COLLATION_CONNECTION */;
/*!40101 SET NAMES utf8mb4 */;

--
-- Database: `aeo2018`
--

-- --------------------------------------------------------

--
-- Table structure for table `accom`
--

CREATE TABLE `accom` (
  `accom_id` int(11) NOT NULL,
  `name` varchar(255) NOT NULL,
  `price` int(20) NOT NULL,
  `stock` int(11) NOT NULL,
  `code` varchar(255) NOT NULL
) ENGINE=InnoDB DEFAULT CHARSET=latin1;

--
-- Dumping data for table `accom`
--

INSERT INTO `accom` (`accom_id`, `name`, `price`, `stock`, `code`) VALUES
(1, 'Suite', 780000, 100, 'suite_room'),
(2, 'Deluxe', 600000, 100, 'deluxe_room'),
(3, 'Superior Twin with TV', 465000, 100, 'superior_twin_tv'),
(4, 'Superior Twin non-TV', 435000, 100, 'superior_twin_non_tv'),
(5, 'Standard Twin with TV', 425000, 100, 'standard_twin_tv'),
(6, 'Standard Twin non-TV', 395000, 100, 'standard_twin_non_tv'),
(7, 'Boarder', 245000, 100, 'boarder_room');

-- --------------------------------------------------------

--
-- Table structure for table `accom_detail`
--

CREATE TABLE `accom_detail` (
  `detail_id` int(11) NOT NULL,
  `ins_id` int(11) NOT NULL,
  `invoice_id` int(11) NOT NULL,
  `accom_id` int(11) NOT NULL,
  `quantity` int(11) NOT NULL,
  `nights` int(11) NOT NULL,
  `checkin_date` varchar(255) NOT NULL,
  `checkout_date` varchar(255) NOT NULL,
  `booking_date` datetime NOT NULL
) ENGINE=InnoDB DEFAULT CHARSET=latin1;

--
-- Dumping data for table `accom_detail`
--

INSERT INTO `accom_detail` (`detail_id`, `ins_id`, `invoice_id`, `accom_id`, `quantity`, `nights`, `checkin_date`, `checkout_date`, `booking_date`) VALUES
(8, 8, 2003221219, 1, 2, 1, '9 Feb, 2017', '10 Feb, 2017', '2017-11-03 22:12:19'),
(9, 8, 2003221219, 2, 3, 6, '11 Feb, 2017', '17 Feb, 2017', '2017-11-03 22:12:19'),
(10, 8, 2003221219, 5, 7, 2, '16 Feb, 2017', '18 Feb, 2017', '2017-11-03 22:12:19'),
(11, 8, 2003221316, 1, 5, 7, '9 Feb, 2017', '16 Feb, 2017', '2017-11-03 22:13:16'),
(12, 8, 2003221316, 4, 2, 7, '11 Feb, 2017', '18 Feb, 2017', '2017-11-03 22:13:16'),
(13, 8, 2004025538, 5, 6, 9, '8 Feb, 2017', '17 Feb, 2017', '2017-11-04 02:55:38'),
(14, 8, 2004025643, 3, 2, 9, '9 Feb, 2017', '18 Feb, 2017', '2017-11-04 02:56:43'),
(15, 8, 2004025643, 1, 1, 4, '14 Feb, 2017', '18 Feb, 2017', '2017-11-04 02:56:43'),
(16, 8, 2004025939, 6, 3, 7, '10 Feb, 2017', '17 Feb, 2017', '2017-11-04 02:59:39'),
(17, 8, 2004025939, 7, 6, 7, '11 Feb, 2017', '18 Feb, 2017', '2017-11-04 02:59:39'),
(18, 8, 2007153035, 2, 4, 8, '8 Feb, 2017', '16 Feb, 2017', '2017-11-07 15:30:35'),
(19, 8, 2011160555, 2, 4, 8, '10 Feb, 2017', '18 Feb, 2017', '2017-11-11 16:05:55');

-- --------------------------------------------------------

--
-- Table structure for table `accom_list`
--

CREATE TABLE `accom_list` (
  `id` int(11) NOT NULL,
  `ins_id` int(11) NOT NULL,
  `checkin_date` varchar(255) NOT NULL,
  `checkout_date` varchar(255) NOT NULL,
  `room_type` varchar(255) NOT NULL,
  `booking_date` timestamp NOT NULL DEFAULT CURRENT_TIMESTAMP ON UPDATE CURRENT_TIMESTAMP
) ENGINE=InnoDB DEFAULT CHARSET=latin1;

-- --------------------------------------------------------

--
-- Table structure for table `ci_sessions`
--

CREATE TABLE `ci_sessions` (
  `id` varchar(40) NOT NULL,
  `ip_address` varchar(45) NOT NULL,
  `timestamp` int(10) UNSIGNED NOT NULL,
  `data` blob NOT NULL
) ENGINE=InnoDB DEFAULT CHARSET=utf8;

--
-- Dumping data for table `ci_sessions`
--

INSERT INTO `ci_sessions` (`id`, `ip_address`, `timestamp`, `data`) VALUES
('fsad1rtlahrhcq9sb8g7b8uuc7ffv5l0', '::1', 1508425114, 0x5f5f63695f6c6173745f726567656e65726174657c693a313530383432343837323b656d61696c7c733a31313a227a7863407a78632e7a7863223b757365725f69647c733a313a2236223b),
('8fcroq96jjisi7fvi36jtm62qp7irrn5', '::1', 1508425288, 0x5f5f63695f6c6173745f726567656e65726174657c693a313530383432353234353b656d61696c7c733a31313a227a7863407a78632e7a7863223b757365725f69647c733a313a2236223b),
('12f9cjv570focm52n22q57bnuq3c0kpv', '::1', 1508426337, 0x5f5f63695f6c6173745f726567656e65726174657c693a313530383432363136363b656d61696c7c733a31313a227a7863407a78632e7a7863223b757365725f69647c733a313a2236223b),
('mv78qa1a2om12ahskj9akna38ov58ndk', '::1', 1508426486, 0x5f5f63695f6c6173745f726567656e65726174657c693a313530383432363438363b656d61696c7c733a31313a227a7863407a78632e7a7863223b757365725f69647c733a313a2236223b),
('hr8l3lj8niu0f1s45p9bs8ps8qh7svfc', '::1', 1508427386, 0x5f5f63695f6c6173745f726567656e65726174657c693a313530383432373039343b656d61696c7c733a31313a227a7863407a78632e7a7863223b757365725f69647c733a313a2236223b),
('7tm67u23kdr5qnath7eecqoh2jeonqn0', '::1', 1508427565, 0x5f5f63695f6c6173745f726567656e65726174657c693a313530383432373431363b656d61696c7c733a31313a227a7863407a78632e7a7863223b757365725f69647c733a313a2236223b),
('6vpvg65o1kuvqh2039k8k54v781160qb', '::1', 1508428768, 0x5f5f63695f6c6173745f726567656e65726174657c693a313530383432383531373b656d61696c7c733a31313a227a7863407a78632e7a7863223b757365725f69647c733a313a2236223b),
('rklbmn1v5smpmmt3skiuidj3sgcuu8jc', '::1', 1508429178, 0x5f5f63695f6c6173745f726567656e65726174657c693a313530383432393038323b656d61696c7c733a31313a227a7863407a78632e7a7863223b757365725f69647c733a313a2236223b),
('g9pae0m37e854al26okbmqh81f64po2a', '::1', 1508429980, 0x5f5f63695f6c6173745f726567656e65726174657c693a313530383432393938303b656d61696c7c733a31313a227a7863407a78632e7a7863223b757365725f69647c733a313a2236223b),
('15u4oul55up6lmem49i1qke6janl6pgr', '::1', 1508430939, 0x5f5f63695f6c6173745f726567656e65726174657c693a313530383433303637373b656d61696c7c733a31313a227a7863407a78632e7a7863223b757365725f69647c733a313a2236223b7761726e696e674d73677c733a33393a22596f75204d7573742043686f6f73652074686520436f6d7065746974696f6e2046697273742021223b5f5f63695f766172737c613a313a7b733a31303a227761726e696e674d7367223b733a333a226f6c64223b7d),
('jqae36mqij65s0vlt0n1tvm3qv1jsl1f', '::1', 1508431647, 0x5f5f63695f6c6173745f726567656e65726174657c693a313530383433313535363b656d61696c7c733a31313a227a7863407a78632e7a7863223b757365725f69647c733a313a2236223b7761726e696e674d73677c733a33393a22596f75204d7573742043686f6f73652074686520436f6d7065746974696f6e2046697273742021223b5f5f63695f766172737c613a313a7b733a31303a227761726e696e674d7367223b733a333a226e6577223b7d),
('opfbdo6bqvjnb3o67got2r13cafp2ssg', '::1', 1508432360, 0x5f5f63695f6c6173745f726567656e65726174657c693a313530383433323139393b656d61696c7c733a31313a227a7863407a78632e7a7863223b757365725f69647c733a313a2236223b7761726e696e674d73677c733a33393a22596f75204d7573742043686f6f73652074686520436f6d7065746974696f6e2046697273742021223b5f5f63695f766172737c613a313a7b733a31303a227761726e696e674d7367223b733a333a226e6577223b7d),
('8oqriq75if77qtabj2fmcdjb8n26kg16', '::1', 1508433074, 0x5f5f63695f6c6173745f726567656e65726174657c693a313530383433323834363b656d61696c7c733a31313a227a7863407a78632e7a7863223b757365725f69647c733a313a2236223b7761726e696e674d73677c733a33393a22596f75204d7573742043686f6f73652074686520436f6d7065746974696f6e2046697273742021223b5f5f63695f766172737c613a313a7b733a31303a227761726e696e674d7367223b733a333a226e6577223b7d),
('7isg66oauftnkf29dpnap8cuvggcbjkh', '::1', 1508433464, 0x5f5f63695f6c6173745f726567656e65726174657c693a313530383433333138333b656d61696c7c733a31313a227a7863407a78632e7a7863223b757365725f69647c733a313a2236223b),
('5rpbbov7988s6ldtqcscpvr2h52c3ubi', '::1', 1508474891, 0x5f5f63695f6c6173745f726567656e65726174657c693a313530383437343839303b),
('rtm6a7edli4vgcvoqbf27jtlbo9pjbis', '::1', 1508570493, 0x5f5f63695f6c6173745f726567656e65726174657c693a313530383537303237303b656d61696c7c733a31313a227a7863407a78632e7a7863223b757365725f69647c733a313a2236223b),
('mhsuucpuq1rkabmro1bvfhfq8h3epr2s', '::1', 1508571000, 0x5f5f63695f6c6173745f726567656e65726174657c693a313530383537313030303b656d61696c7c733a31313a227a7863407a78632e7a7863223b757365725f69647c733a313a2236223b),
('nlahrtrdicq53q9du503l4o8ef3goi3m', '::1', 1508571590, 0x5f5f63695f6c6173745f726567656e65726174657c693a313530383537313538343b656d61696c7c733a31313a227a7863407a78632e7a7863223b757365725f69647c733a313a2236223b),
('1681ebtnevhsep9ls61ugqpk2k92pt1s', '::1', 1508572078, 0x5f5f63695f6c6173745f726567656e65726174657c693a313530383537323033383b656d61696c7c733a31313a227a7863407a78632e7a7863223b757365725f69647c733a313a2236223b7761726e696e674d73677c733a33393a22596f75204d7573742043686f6f73652074686520436f6d7065746974696f6e2046697273742021223b5f5f63695f766172737c613a313a7b733a31303a227761726e696e674d7367223b733a333a226e6577223b7d),
('gib7qn0c1qsrcf08h72h1dqv8ap1c5rd', '::1', 1508573016, 0x5f5f63695f6c6173745f726567656e65726174657c693a313530383537323739373b656d61696c7c733a31313a227a7863407a78632e7a7863223b757365725f69647c733a313a2236223b),
('iceuh0i6i0l3kss9m593958sq9bdb0qs', '::1', 1508573384, 0x5f5f63695f6c6173745f726567656e65726174657c693a313530383537333133313b656d61696c7c733a31313a227a7863407a78632e7a7863223b757365725f69647c733a313a2236223b7761726e696e674d73677c733a33393a22596f75204d7573742043686f6f73652074686520436f6d7065746974696f6e2046697273742021223b5f5f63695f766172737c613a313a7b733a31303a227761726e696e674d7367223b733a333a226f6c64223b7d),
('m6hdr8hc8teup2c8jd9anvrbcaebl79q', '::1', 1508573682, 0x5f5f63695f6c6173745f726567656e65726174657c693a313530383537333539373b656d61696c7c733a31313a227a7863407a78632e7a7863223b757365725f69647c733a313a2236223b7761726e696e674d73677c733a33393a22596f75204d7573742043686f6f73652074686520436f6d7065746974696f6e2046697273742021223b5f5f63695f766172737c613a313a7b733a31303a227761726e696e674d7367223b733a333a226e6577223b7d),
('57goocn00i5flaktj23aqb1pkjns3et8', '::1', 1508578022, 0x5f5f63695f6c6173745f726567656e65726174657c693a313530383537373736313b656d61696c7c733a31313a227a7863407a78632e7a7863223b757365725f69647c733a313a2236223b7761726e696e674d73677c733a33393a22596f75204d7573742043686f6f73652074686520436f6d7065746974696f6e2046697273742021223b5f5f63695f766172737c613a313a7b733a31303a227761726e696e674d7367223b733a333a226f6c64223b7d),
('0d2s4nrvqmhg1c8i3gs2l7keg8e3c3er', '::1', 1508578162, 0x5f5f63695f6c6173745f726567656e65726174657c693a313530383537383036363b656d61696c7c733a31313a227a7863407a78632e7a7863223b757365725f69647c733a313a2236223b),
('8lm9fdner9kl13iuv483ukk7fbj4lb5o', '::1', 1508774431, 0x5f5f63695f6c6173745f726567656e65726174657c693a313530383737343433313b),
('i7uv770haqvbr2qpm46oq5veci0lvb3e', '::1', 1508822536, 0x5f5f63695f6c6173745f726567656e65726174657c693a313530383832323533353b),
('firhkmna3kpg5mfrkbvim4sud7g2838u', '::1', 1508939797, 0x5f5f63695f6c6173745f726567656e65726174657c693a313530383933393738323b),
('3o29k6op5dc2dbv5l0urtjko9ilaq4ls', '::1', 1508941916, 0x5f5f63695f6c6173745f726567656e65726174657c693a313530383934313737323b),
('ua7j6h2u2778ndm7lqg7a78nsc6v81ck', '::1', 1508996440, 0x5f5f63695f6c6173745f726567656e65726174657c693a313530383939363339393b656d61696c7c733a31313a227a7863407a78632e7a7863223b757365725f69647c733a313a2236223b),
('dhri87csqp3fkftoevbi3c94p3k4kilo', '::1', 1508997042, 0x5f5f63695f6c6173745f726567656e65726174657c693a313530383939373034323b656d61696c7c733a31313a227a7863407a78632e7a7863223b757365725f69647c733a313a2236223b),
('tg6qf0p2mllvdbf39t38f6jn3gcu3016', '::1', 1508999861, 0x5f5f63695f6c6173745f726567656e65726174657c693a313530383939393836313b),
('5jljddkd2301v9ig5tv4v4aia0gr2csl', '::1', 1509009408, 0x5f5f63695f6c6173745f726567656e65726174657c693a313530393030393430373b),
('03jei28pqik0jbj6ei370krp9309spdi', '::1', 1509011972, 0x5f5f63695f6c6173745f726567656e65726174657c693a313530393031313839333b),
('7ftcva9ujdhcloemgv6pc1tj2bhv57rs', '::1', 1509022701, 0x5f5f63695f6c6173745f726567656e65726174657c693a313530393032323533353b),
('sbf5oc2r164itabul1pp407fh476bdd1', '::1', 1509023042, 0x5f5f63695f6c6173745f726567656e65726174657c693a313530393032323930353b),
('0lnhthemhf2jk49thelhamrtbknkc1nj', '::1', 1509023677, 0x5f5f63695f6c6173745f726567656e65726174657c693a313530393032333534323b),
('koc3hslokci6h8bdl2eenm1kq8nf5adu', '::1', 1509024664, 0x5f5f63695f6c6173745f726567656e65726174657c693a313530393032343636343b),
('dafl4v8f91qest688fl0cnd099b5653j', '::1', 1509028765, 0x5f5f63695f6c6173745f726567656e65726174657c693a313530393032383439333b656d61696c7c733a31313a227a7863407a78632e7a7863223b757365725f69647c733a313a2236223b),
('n51uu47raqqlv84ht8tghs8ppr1m1akv', '::1', 1509029947, 0x5f5f63695f6c6173745f726567656e65726174657c693a313530393032393837303b656d61696c7c733a31313a227a7863407a78632e7a7863223b757365725f69647c733a313a2236223b),
('6ln27tl7e7gph0lup0efm3ug1tl5h67a', '::1', 1509030291, 0x5f5f63695f6c6173745f726567656e65726174657c693a313530393033303236323b656d61696c7c733a31313a227a7863407a78632e7a7863223b757365725f69647c733a313a2236223b),
('ihe1j92h141iucu4lcccu0knh0bmiu3t', '::1', 1509181630, 0x5f5f63695f6c6173745f726567656e65726174657c693a313530393138313430363b),
('l0r25uqquoqv70c5n9ghocarp1215pbc', '::1', 1509181894, 0x5f5f63695f6c6173745f726567656e65726174657c693a313530393138313732373b),
('osom6j16rd427tja4rhpif0gjik100i3', '::1', 1509182164, 0x5f5f63695f6c6173745f726567656e65726174657c693a313530393138323035323b656d61696c7c733a31313a227a7863407a78632e7a7863223b757365725f69647c733a313a2236223b),
('362mv5m82p0nmueq8cflbgjfc8dmi8v5', '::1', 1509182935, 0x5f5f63695f6c6173745f726567656e65726174657c693a313530393138323730313b656d61696c7c733a31313a227a7863407a78632e7a7863223b757365725f69647c733a313a2236223b),
('om7pmm61rr6g95m98lvmvdo1ugcp2pni', '::1', 1509183300, 0x5f5f63695f6c6173745f726567656e65726174657c693a313530393138333238353b656d61696c7c733a31313a227a7863407a78632e7a7863223b757365725f69647c733a313a2236223b),
('e78s9s5gsjh4rel4vjld6otl4i0ulqg2', '::1', 1509197043, 0x5f5f63695f6c6173745f726567656e65726174657c693a313530393139373034333b),
('e5phif18e8v464r7v79ajp6thj1qu55a', '::1', 1509197089, 0x5f5f63695f6c6173745f726567656e65726174657c693a313530393139373034333b656d61696c7c733a31313a227a7863407a78632e7a7863223b757365725f69647c733a313a2236223b),
('ucdqm2v05v36mtm376k8i7cns5q5q97i', '::1', 1509197564, 0x5f5f63695f6c6173745f726567656e65726174657c693a313530393139373530333b656d61696c7c733a31313a227a7863407a78632e7a7863223b757365725f69647c733a313a2236223b),
('r3s2i3lc7qau9bicv11r632r6e4n9mf2', '::1', 1509372330, 0x5f5f63695f6c6173745f726567656e65726174657c693a313530393337323333303b),
('usp7qod7etf471q0i5flfo5e7anqumbo', '::1', 1509374385, 0x5f5f63695f6c6173745f726567656e65726174657c693a313530393337343236343b656d61696c7c733a31313a227a7863407a78632e7a7863223b757365725f69647c733a313a2236223b),
('d7hdn3oabm2qqtcrhh7giktda5t959q5', '::1', 1509375103, 0x5f5f63695f6c6173745f726567656e65726174657c693a313530393337353130323b656d61696c7c733a31313a227a7863407a78632e7a7863223b757365725f69647c733a313a2236223b),
('s98pq51dul6g9c5sa9cppa0cj5tca5pu', '::1', 1509380038, 0x5f5f63695f6c6173745f726567656e65726174657c693a313530393338303032333b),
('aa24vrj058259jucblbn3b4965nbpnk7', '::1', 1509380625, 0x5f5f63695f6c6173745f726567656e65726174657c693a313530393338303338303b),
('ot0f0ke07arap2b6v30ijjlh2330to6p', '::1', 1509381295, 0x5f5f63695f6c6173745f726567656e65726174657c693a313530393338313030333b),
('ih3nm3tbdscit8s1tlcq1hsreelanr29', '::1', 1509381573, 0x5f5f63695f6c6173745f726567656e65726174657c693a313530393338313331323b),
('dgcccsvismd6ebiftl35i0diifmihkll', '::1', 1509381880, 0x5f5f63695f6c6173745f726567656e65726174657c693a313530393338313631343b),
('6pfj3oi1c1a16vtja2i2hbp1cs0fj5uc', '::1', 1509382194, 0x5f5f63695f6c6173745f726567656e65726174657c693a313530393338313931373b656d61696c7c733a31363a22756e746172406a616b617274612e6964223b757365725f69647c733a313a2237223b),
('m5t92c642vp8smmchlb7kchj1lgtqbam', '::1', 1509382237, 0x5f5f63695f6c6173745f726567656e65726174657c693a313530393338323233373b),
('hu5ae3g5d78ili0kjcvnd3jco68alc3p', '::1', 1509385712, 0x5f5f63695f6c6173745f726567656e65726174657c693a313530393338353431323b),
('3sqfaun7nd2989547hi0i4chc03f8qkb', '::1', 1509385776, 0x5f5f63695f6c6173745f726567656e65726174657c693a313530393338353734393b),
('83kr204hnt13gvpr112p9dfj6kg0he57', '::1', 1509386724, 0x5f5f63695f6c6173745f726567656e65726174657c693a313530393338363638343b),
('ltmmhj55g9abq498778fiiu4droakl99', '::1', 1509432777, 0x5f5f63695f6c6173745f726567656e65726174657c693a313530393433323734373b),
('vc0ijnftrltbi4v2n24lhanh1cqn03am', '::1', 1509433724, 0x5f5f63695f6c6173745f726567656e65726174657c693a313530393433333436373b),
('639dovl744g2fcfnh7t0fc9tn2vn2h6h', '::1', 1509434230, 0x5f5f63695f6c6173745f726567656e65726174657c693a313530393433333934343b),
('5ltlcbdo4qjpf9d98rqoej0p6j8qdi7r', '::1', 1509434452, 0x5f5f63695f6c6173745f726567656e65726174657c693a313530393433343238353b),
('jglci3l3q893gmrla5525hi0393u1e52', '::1', 1509435626, 0x5f5f63695f6c6173745f726567656e65726174657c693a313530393433353632353b),
('ld9q3ol1gqijtbeu1rro2f9gma8413r7', '::1', 1509452111, 0x5f5f63695f6c6173745f726567656e65726174657c693a313530393435323032303b),
('39581kgggekc3d3t4psg7h5pisdm5vib', '::1', 1509452672, 0x5f5f63695f6c6173745f726567656e65726174657c693a313530393435323637323b),
('5u25nqmaoctjcjfrhd2vnupnd32lsh83', '::1', 1509575181, 0x5f5f63695f6c6173745f726567656e65726174657c693a313530393537343932343b656d61696c7c733a31373a2261656f3230313840676d61696c2e636f6d223b757365725f69647c733a313a2238223b),
('qiuqklhs25mbllbl0fhqfj0oj4ip6fd2', '::1', 1509575731, 0x5f5f63695f6c6173745f726567656e65726174657c693a313530393537353437343b656d61696c7c733a31373a2261656f3230313840676d61696c2e636f6d223b757365725f69647c733a313a2238223b),
('qcvaa0dop4fi860nsof5dk6v38q857vm', '::1', 1509615422, 0x5f5f63695f6c6173745f726567656e65726174657c693a313530393631353132333b656d61696c7c733a31373a2261656f3230313840676d61696c2e636f6d223b757365725f69647c733a313a2238223b),
('e782hn3v26m56ivatsf7qh56ttd4f2pg', '::1', 1509615749, 0x5f5f63695f6c6173745f726567656e65726174657c693a313530393631353436333b656d61696c7c733a31373a2261656f3230313840676d61696c2e636f6d223b757365725f69647c733a313a2238223b),
('g8mg2oaeed5u19i95a5v85bi06to5ntf', '::1', 1509615830, 0x5f5f63695f6c6173745f726567656e65726174657c693a313530393631353737333b656d61696c7c733a31373a2261656f3230313840676d61696c2e636f6d223b757365725f69647c733a313a2238223b),
('639vv406kumt1qa5i41ej6f60bgfqq6t', '::1', 1509616774, 0x5f5f63695f6c6173745f726567656e65726174657c693a313530393631363532393b656d61696c7c733a31373a2261656f3230313840676d61696c2e636f6d223b757365725f69647c733a313a2238223b),
('cbhkqs7ad3al2isi3c7rqhq251ehpcok', '::1', 1509617085, 0x5f5f63695f6c6173745f726567656e65726174657c693a313530393631363839353b656d61696c7c733a31373a2261656f3230313840676d61696c2e636f6d223b757365725f69647c733a313a2238223b),
('upp8gp3p37e7tsl3l349oc5tri6qdovv', '::1', 1509617526, 0x5f5f63695f6c6173745f726567656e65726174657c693a313530393631373332383b656d61696c7c733a31373a2261656f3230313840676d61696c2e636f6d223b757365725f69647c733a313a2238223b),
('jgcl5f6kemadtci5eijv3fivsko1cd3n', '::1', 1509617844, 0x5f5f63695f6c6173745f726567656e65726174657c693a313530393631373633303b656d61696c7c733a31373a2261656f3230313840676d61696c2e636f6d223b757365725f69647c733a313a2238223b),
('tal43e32f7kln0mth69pudjop8dr6tm5', '::1', 1509618326, 0x5f5f63695f6c6173745f726567656e65726174657c693a313530393631383032393b656d61696c7c733a31373a2261656f3230313840676d61696c2e636f6d223b757365725f69647c733a313a2238223b),
('hmdehgvu728entbokdu5bf2lok7qu8i7', '::1', 1509618638, 0x5f5f63695f6c6173745f726567656e65726174657c693a313530393631383336323b656d61696c7c733a31373a2261656f3230313840676d61696c2e636f6d223b757365725f69647c733a313a2238223b),
('4csrcd673eguj666cvlntp9rn34i9bio', '::1', 1509618680, 0x5f5f63695f6c6173745f726567656e65726174657c693a313530393631383638303b656d61696c7c733a31373a2261656f3230313840676d61696c2e636f6d223b757365725f69647c733a313a2238223b),
('pq4psmvqa2q7a8rdvqts8tm1qvsh169b', '::1', 1509623026, 0x5f5f63695f6c6173745f726567656e65726174657c693a313530393632323930353b656d61696c7c733a31373a2261656f3230313840676d61696c2e636f6d223b757365725f69647c733a313a2238223b),
('1d8n42lciv4ilvt6fbuapabvg424tb9n', '::1', 1509623885, 0x5f5f63695f6c6173745f726567656e65726174657c693a313530393632333639353b656d61696c7c733a31373a2261656f3230313840676d61696c2e636f6d223b757365725f69647c733a313a2238223b),
('0jpsui780bqpq76fkc3v58s0jh26n36t', '::1', 1509623999, 0x5f5f63695f6c6173745f726567656e65726174657c693a313530393632333939393b656d61696c7c733a31373a2261656f3230313840676d61696c2e636f6d223b757365725f69647c733a313a2238223b),
('tss0c1v988mivv9drb201n7v9ckr2gl5', '::1', 1509624220, 0x5f5f63695f6c6173745f726567656e65726174657c693a313530393632333939393b656d61696c7c733a31373a2261656f3230313840676d61696c2e636f6d223b757365725f69647c733a313a2238223b),
('n653cgatdjqrrfnhbkilaho75nt3v6o9', '::1', 1509624491, 0x5f5f63695f6c6173745f726567656e65726174657c693a313530393632343330393b656d61696c7c733a31373a2261656f3230313840676d61696c2e636f6d223b757365725f69647c733a313a2238223b),
('po2noe0i3rants31njt85s8op152jthn', '::1', 1509626257, 0x5f5f63695f6c6173745f726567656e65726174657c693a313530393632353939373b656d61696c7c733a31373a2261656f3230313840676d61696c2e636f6d223b757365725f69647c733a313a2238223b),
('v1nui8cjnjkfo5ntju189linu10chojm', '::1', 1509626802, 0x5f5f63695f6c6173745f726567656e65726174657c693a313530393632363532333b656d61696c7c733a31373a2261656f3230313840676d61696c2e636f6d223b757365725f69647c733a313a2238223b),
('3qe11ekplg7l0nn3lcalhomu1hej880k', '::1', 1509627128, 0x5f5f63695f6c6173745f726567656e65726174657c693a313530393632363833343b656d61696c7c733a31373a2261656f3230313840676d61696c2e636f6d223b757365725f69647c733a313a2238223b),
('hcsdlns6jeuefrgl0qfjavkvedftubsh', '::1', 1509627355, 0x5f5f63695f6c6173745f726567656e65726174657c693a313530393632373232373b656d61696c7c733a31373a2261656f3230313840676d61696c2e636f6d223b757365725f69647c733a313a2238223b),
('5e2nhep3fgo6epmuvaihi4kcri266vqa', '::1', 1509627566, 0x5f5f63695f6c6173745f726567656e65726174657c693a313530393632373533303b656d61696c7c733a31373a2261656f3230313840676d61696c2e636f6d223b757365725f69647c733a313a2238223b),
('4s1g0oi6966t8ql79svtos035sh0btk3', '::1', 1509628009, 0x5f5f63695f6c6173745f726567656e65726174657c693a313530393632373939373b656d61696c7c733a31373a2261656f3230313840676d61696c2e636f6d223b757365725f69647c733a313a2238223b),
('nom4pkfhpqu5ru2k009uk0v6aeaceik3', '::1', 1509628687, 0x5f5f63695f6c6173745f726567656e65726174657c693a313530393632383435343b656d61696c7c733a31373a2261656f3230313840676d61696c2e636f6d223b757365725f69647c733a313a2238223b),
('sg94415dulra72399el80nlore5uepr5', '::1', 1509629001, 0x5f5f63695f6c6173745f726567656e65726174657c693a313530393632383839343b656d61696c7c733a31373a2261656f3230313840676d61696c2e636f6d223b757365725f69647c733a313a2238223b),
('i2gddnqeo52k3dclk9mqklvf718819ku', '::1', 1509629970, 0x5f5f63695f6c6173745f726567656e65726174657c693a313530393632393731363b656d61696c7c733a31373a2261656f3230313840676d61696c2e636f6d223b757365725f69647c733a313a2238223b),
('vihmlli21ogn1fkvoodmeqdcac83mi8k', '::1', 1509630881, 0x5f5f63695f6c6173745f726567656e65726174657c693a313530393633303838303b656d61696c7c733a31373a2261656f3230313840676d61696c2e636f6d223b757365725f69647c733a313a2238223b),
('blroat226v1d5eguqs1g1p2iltcco84h', '::1', 1509642034, 0x5f5f63695f6c6173745f726567656e65726174657c693a313530393634313931303b656d61696c7c733a31373a2261656f3230313840676d61696c2e636f6d223b757365725f69647c733a313a2238223b),
('j44en7m92n53uaislnqm2r9a3mjbm37d', '::1', 1509642452, 0x5f5f63695f6c6173745f726567656e65726174657c693a313530393634323337363b656d61696c7c733a31373a2261656f3230313840676d61696c2e636f6d223b757365725f69647c733a313a2238223b),
('mf3hfgnv9s5fbgtlq67ma0lmg3aikt07', '::1', 1509642877, 0x5f5f63695f6c6173745f726567656e65726174657c693a313530393634323736323b656d61696c7c733a31373a2261656f3230313840676d61696c2e636f6d223b757365725f69647c733a313a2238223b),
('5aj8ar0ij07obiu13309m2081iesj8s0', '::1', 1509643480, 0x5f5f63695f6c6173745f726567656e65726174657c693a313530393634333432343b656d61696c7c733a31373a2261656f3230313840676d61696c2e636f6d223b757365725f69647c733a313a2238223b),
('rnm42t7md0aphuifgm4olu2impajk0e6', '::1', 1509644192, 0x5f5f63695f6c6173745f726567656e65726174657c693a313530393634333936353b656d61696c7c733a31373a2261656f3230313840676d61696c2e636f6d223b757365725f69647c733a313a2238223b),
('n394u2abhbmsnjgn9b3i4t03n43avg4c', '::1', 1509645201, 0x5f5f63695f6c6173745f726567656e65726174657c693a313530393634343932363b656d61696c7c733a31373a2261656f3230313840676d61696c2e636f6d223b757365725f69647c733a313a2238223b),
('0ub99v0e67vq5hbire086b0hjk5ismsb', '::1', 1509645451, 0x5f5f63695f6c6173745f726567656e65726174657c693a313530393634353332373b656d61696c7c733a31373a2261656f3230313840676d61696c2e636f6d223b757365725f69647c733a313a2238223b),
('1onktfei9ehvmtggeaeqlvu7rbg4k7j6', '::1', 1509645900, 0x5f5f63695f6c6173745f726567656e65726174657c693a313530393634353830393b656d61696c7c733a31373a2261656f3230313840676d61696c2e636f6d223b757365725f69647c733a313a2238223b),
('k914njb2j5kl1256v53vt07p08lc4oe0', '::1', 1509646451, 0x5f5f63695f6c6173745f726567656e65726174657c693a313530393634363137383b656d61696c7c733a31373a2261656f3230313840676d61696c2e636f6d223b757365725f69647c733a313a2238223b),
('b2i5p8culvs3mn7vv982dh64l0k0nfd3', '::1', 1509646775, 0x5f5f63695f6c6173745f726567656e65726174657c693a313530393634363438383b656d61696c7c733a31373a2261656f3230313840676d61696c2e636f6d223b757365725f69647c733a313a2238223b),
('48tf8ete9pbgnj95k86hsib9td7jv17f', '::1', 1509647034, 0x5f5f63695f6c6173745f726567656e65726174657c693a313530393634363739313b656d61696c7c733a31373a2261656f3230313840676d61696c2e636f6d223b757365725f69647c733a313a2238223b),
('13l4cr92gi49e9pdcnjib3jvk7so7ujh', '::1', 1509647624, 0x5f5f63695f6c6173745f726567656e65726174657c693a313530393634373333333b656d61696c7c733a31373a2261656f3230313840676d61696c2e636f6d223b757365725f69647c733a313a2238223b),
('3g83s5mv6vl69s8nu7l6bcvs6cqk9g1l', '::1', 1509647731, 0x5f5f63695f6c6173745f726567656e65726174657c693a313530393634373633353b656d61696c7c733a31373a2261656f3230313840676d61696c2e636f6d223b757365725f69647c733a313a2238223b),
('6kt43rcgoev7ul80t6liv8eap35jpfr3', '::1', 1509648347, 0x5f5f63695f6c6173745f726567656e65726174657c693a313530393634383138333b656d61696c7c733a31373a2261656f3230313840676d61696c2e636f6d223b757365725f69647c733a313a2238223b),
('ito7i425hqhm9q6fdbd4r4mg577dfuvl', '::1', 1509650145, 0x5f5f63695f6c6173745f726567656e65726174657c693a313530393635303134343b656d61696c7c733a31373a2261656f3230313840676d61696c2e636f6d223b757365725f69647c733a313a2238223b),
('rt6c402b33da3q6vdq6qcmp9obgih2d2', '::1', 1509650917, 0x5f5f63695f6c6173745f726567656e65726174657c693a313530393635303631303b656d61696c7c733a31373a2261656f3230313840676d61696c2e636f6d223b757365725f69647c733a313a2238223b),
('nmvc6s9vmltukr2vjjhs37skj73m8184', '::1', 1509650947, 0x5f5f63695f6c6173745f726567656e65726174657c693a313530393635303932383b656d61696c7c733a31373a2261656f3230313840676d61696c2e636f6d223b757365725f69647c733a313a2238223b),
('0dq5big8k9uri39ejmqrddhnahtj4gk8', '::1', 1509651961, 0x5f5f63695f6c6173745f726567656e65726174657c693a313530393635313836353b656d61696c7c733a31373a2261656f3230313840676d61696c2e636f6d223b757365725f69647c733a313a2238223b),
('de8ebpcqdgq362e1r90jtakh1oam9pju', '::1', 1509652532, 0x5f5f63695f6c6173745f726567656e65726174657c693a313530393635323234383b656d61696c7c733a31373a2261656f3230313840676d61696c2e636f6d223b757365725f69647c733a313a2238223b7761726e696e674d73677c733a32303a2255706c6f616420496d616765204661696c656421223b5f5f63695f766172737c613a313a7b733a31303a227761726e696e674d7367223b733a333a226f6c64223b7d),
('ali3q442vba100b7usftt4a450qb5b21', '::1', 1509652820, 0x5f5f63695f6c6173745f726567656e65726174657c693a313530393635323538333b656d61696c7c733a31373a2261656f3230313840676d61696c2e636f6d223b757365725f69647c733a313a2238223b6d73677c733a32393a2255706c6f616420466c69676874205469636b6574205375636365737321223b5f5f63695f766172737c613a313a7b733a333a226d7367223b733a333a226f6c64223b7d),
('p1hk78ufbc0qmmo59vql646om291k5an', '::1', 1509653183, 0x5f5f63695f6c6173745f726567656e65726174657c693a313530393635333131333b656d61696c7c733a31373a2261656f3230313840676d61696c2e636f6d223b757365725f69647c733a313a2238223b),
('thd5acalsj40qd46op8sv1vsipsdqgoe', '::1', 1509653770, 0x5f5f63695f6c6173745f726567656e65726174657c693a313530393635333539373b656d61696c7c733a31373a2261656f3230313840676d61696c2e636f6d223b757365725f69647c733a313a2238223b),
('idiqeacsleh8insaii613rabu5s2011j', '::1', 1509654614, 0x5f5f63695f6c6173745f726567656e65726174657c693a313530393635343432373b656d61696c7c733a31373a2261656f3230313840676d61696c2e636f6d223b757365725f69647c733a313a2238223b),
('9dum30k73u9e41mo157dgq10a42h2ap8', '::1', 1509655420, 0x5f5f63695f6c6173745f726567656e65726174657c693a313530393635353432303b656d61696c7c733a31373a2261656f3230313840676d61696c2e636f6d223b757365725f69647c733a313a2238223b),
('6js211e61pjcfnmble5gpklvbeks4gtt', '::1', 1509656850, 0x5f5f63695f6c6173745f726567656e65726174657c693a313530393635363636373b656d61696c7c733a31373a2261656f3230313840676d61696c2e636f6d223b757365725f69647c733a313a2238223b),
('5hf9krg94kal3caiamd1nrh82trgsc12', '::1', 1509657253, 0x5f5f63695f6c6173745f726567656e65726174657c693a313530393635373031383b656d61696c7c733a31373a2261656f3230313840676d61696c2e636f6d223b757365725f69647c733a313a2238223b),
('4veqgu76cjo6ktndbd313ok6bgdaa99j', '::1', 1509657476, 0x5f5f63695f6c6173745f726567656e65726174657c693a313530393635373437333b656d61696c7c733a31373a2261656f3230313840676d61696c2e636f6d223b757365725f69647c733a313a2238223b),
('4qj4v1gujel4qh9ldv4abprss20pno7c', '::1', 1509658030, 0x5f5f63695f6c6173745f726567656e65726174657c693a313530393635373933393b656d61696c7c733a31373a2261656f3230313840676d61696c2e636f6d223b757365725f69647c733a313a2238223b),
('7bdr3rsldth371uo8h33c15r4jplmmga', '::1', 1509658547, 0x5f5f63695f6c6173745f726567656e65726174657c693a313530393635383234393b656d61696c7c733a31373a2261656f3230313840676d61696c2e636f6d223b757365725f69647c733a313a2238223b),
('cum2arc8j0e9ebf8lb8pro7mpdjtmm66', '::1', 1509658806, 0x5f5f63695f6c6173745f726567656e65726174657c693a313530393635383535313b656d61696c7c733a31373a2261656f3230313840676d61696c2e636f6d223b757365725f69647c733a313a2238223b),
('9o6o0l8rpn41b2ftm2gsf5ujm9turpjb', '::1', 1509659509, 0x5f5f63695f6c6173745f726567656e65726174657c693a313530393635393333323b656d61696c7c733a31373a2261656f3230313840676d61696c2e636f6d223b757365725f69647c733a313a2238223b),
('48m9nib5r31orbfnf4ij8pgi0rln9fb0', '::1', 1509659949, 0x5f5f63695f6c6173745f726567656e65726174657c693a313530393635393635373b656d61696c7c733a31373a2261656f3230313840676d61696c2e636f6d223b757365725f69647c733a313a2238223b),
('fpq9ikcdnjnl8e5a7jse5t8vaflrnk2a', '::1', 1509660488, 0x5f5f63695f6c6173745f726567656e65726174657c693a313530393636303139373b656d61696c7c733a31373a2261656f3230313840676d61696c2e636f6d223b757365725f69647c733a313a2238223b),
('04fl1hh61q90o85sro09p3cpm0g40il4', '::1', 1509660512, 0x5f5f63695f6c6173745f726567656e65726174657c693a313530393636303531323b656d61696c7c733a31373a2261656f3230313840676d61696c2e636f6d223b757365725f69647c733a313a2238223b),
('h1oka3tmcj04rd1ulj9bthrs4choa4k9', '::1', 1509697413, 0x5f5f63695f6c6173745f726567656e65726174657c693a313530393639373138313b656d61696c7c733a31373a2261656f3230313840676d61696c2e636f6d223b757365725f69647c733a313a2238223b),
('bjl7ig5a7e1uku5mjb9ndfop1eq5bri6', '::1', 1509697879, 0x5f5f63695f6c6173745f726567656e65726174657c693a313530393639373534343b656d61696c7c733a31373a2261656f3230313840676d61696c2e636f6d223b757365725f69647c733a313a2238223b),
('qg2tbhs2scg3l2fp0ukbrusq29ttbohc', '::1', 1509698201, 0x5f5f63695f6c6173745f726567656e65726174657c693a313530393639373933323b656d61696c7c733a31373a2261656f3230313840676d61696c2e636f6d223b757365725f69647c733a313a2238223b),
('fnhrc3ivmk5mh7ckp17qnnbq8kp1dsnf', '::1', 1509698488, 0x5f5f63695f6c6173745f726567656e65726174657c693a313530393639383235373b656d61696c7c733a31373a2261656f3230313840676d61696c2e636f6d223b757365725f69647c733a313a2238223b),
('hlekmjtjoiuco7r7tlsd07949vtpebjq', '::1', 1509698861, 0x5f5f63695f6c6173745f726567656e65726174657c693a313530393639383631353b656d61696c7c733a31373a2261656f3230313840676d61696c2e636f6d223b757365725f69647c733a313a2238223b),
('flvs95pqftbsra92v69so2g5v8n0b446', '::1', 1509699229, 0x5f5f63695f6c6173745f726567656e65726174657c693a313530393639393033343b656d61696c7c733a31373a2261656f3230313840676d61696c2e636f6d223b757365725f69647c733a313a2238223b),
('fofq70hu0s36gpcvfcskfrsuoie1t1ov', '::1', 1509699544, 0x5f5f63695f6c6173745f726567656e65726174657c693a313530393639393431303b656d61696c7c733a31373a2261656f3230313840676d61696c2e636f6d223b757365725f69647c733a313a2238223b7761726e696e674d73677c733a32303a2255706c6f616420496d616765204661696c656421223b5f5f63695f766172737c613a313a7b733a31303a227761726e696e674d7367223b733a333a226f6c64223b7d),
('ofabskbi9kgl2c3f2t8mbjm1clg73gau', '::1', 1509700157, 0x5f5f63695f6c6173745f726567656e65726174657c693a313530393639393839333b656d61696c7c733a31373a2261656f3230313840676d61696c2e636f6d223b757365725f69647c733a313a2238223b),
('ch4v65hfubptum5lq5trds95e1svfhds', '::1', 1509700448, 0x5f5f63695f6c6173745f726567656e65726174657c693a313530393730303231333b656d61696c7c733a31373a2261656f3230313840676d61696c2e636f6d223b757365725f69647c733a313a2238223b),
('lc0ik9igfat97oentelq57ibl5k91qpv', '::1', 1509700923, 0x5f5f63695f6c6173745f726567656e65726174657c693a313530393730303633303b656d61696c7c733a31373a2261656f3230313840676d61696c2e636f6d223b757365725f69647c733a313a2238223b),
('1b40f4hhqahvqb380rt84dn6f4bjchkq', '::1', 1509701040, 0x5f5f63695f6c6173745f726567656e65726174657c693a313530393730303937323b656d61696c7c733a31373a2261656f3230313840676d61696c2e636f6d223b757365725f69647c733a313a2238223b),
('l72g403tn40s5ubfolkoosckef0l5as3', '::1', 1509704822, 0x5f5f63695f6c6173745f726567656e65726174657c693a313530393730343635333b656d61696c7c733a31373a2261656f3230313840676d61696c2e636f6d223b757365725f69647c733a313a2238223b),
('uvl14gbh49qhalnj1clubg5jlcsu5hrt', '::1', 1509705261, 0x5f5f63695f6c6173745f726567656e65726174657c693a313530393730353233373b656d61696c7c733a31373a2261656f3230313840676d61696c2e636f6d223b757365725f69647c733a313a2238223b),
('4nsbm147neemj85lcnevncdn5vrgbfmc', '::1', 1509706256, 0x5f5f63695f6c6173745f726567656e65726174657c693a313530393730363031333b656d61696c7c733a31373a2261656f3230313840676d61696c2e636f6d223b757365725f69647c733a313a2238223b),
('lfdgcjhonhj7029e9l7vo9o492619olp', '::1', 1509707259, 0x5f5f63695f6c6173745f726567656e65726174657c693a313530393730373130393b656d61696c7c733a31373a2261656f3230313840676d61696c2e636f6d223b757365725f69647c733a313a2238223b),
('ruv6b6sg0r0ihj0oum72f8akds9adlqn', '::1', 1509707465, 0x5f5f63695f6c6173745f726567656e65726174657c693a313530393730373436353b656d61696c7c733a31373a2261656f3230313840676d61696c2e636f6d223b757365725f69647c733a313a2238223b),
('4d1nbb5mrs6s1t5qkbdm32fjuemjbnk1', '::1', 1509708154, 0x5f5f63695f6c6173745f726567656e65726174657c693a313530393730383039373b656d61696c7c733a31373a2261656f3230313840676d61696c2e636f6d223b757365725f69647c733a313a2238223b),
('6ei31o20rgpbss8ue1428u391o6vpik8', '::1', 1509708687, 0x5f5f63695f6c6173745f726567656e65726174657c693a313530393730383432373b656d61696c7c733a31373a2261656f3230313840676d61696c2e636f6d223b757365725f69647c733a313a2238223b),
('immahdgq69or73gemhppb3bh6jite09h', '::1', 1509708941, 0x5f5f63695f6c6173745f726567656e65726174657c693a313530393730383734383b656d61696c7c733a31373a2261656f3230313840676d61696c2e636f6d223b757365725f69647c733a313a2238223b),
('59u49ru9k1as0c8o17or64kura70np66', '::1', 1509710159, 0x5f5f63695f6c6173745f726567656e65726174657c693a313530393730393937333b656d61696c7c733a31373a2261656f3230313840676d61696c2e636f6d223b757365725f69647c733a313a2238223b),
('7niabj2p017c4ch45d7kjrgfpddvshs3', '::1', 1509718369, 0x5f5f63695f6c6173745f726567656e65726174657c693a313530393731383131363b656d61696c7c733a31373a2261656f3230313840676d61696c2e636f6d223b757365725f69647c733a313a2238223b),
('ibil6robr596sbhji9uqag38bg45897e', '::1', 1509719466, 0x5f5f63695f6c6173745f726567656e65726174657c693a313530393731393136393b656d61696c7c733a31373a2261656f3230313840676d61696c2e636f6d223b757365725f69647c733a313a2238223b),
('365nust4jh1fnr18p54jtabi06m74fm7', '::1', 1509719720, 0x5f5f63695f6c6173745f726567656e65726174657c693a313530393731393438373b656d61696c7c733a31373a2261656f3230313840676d61696c2e636f6d223b757365725f69647c733a313a2238223b),
('bsbqfgnnvluvuu5jiraq5eaph5muvrlf', '::1', 1509720007, 0x5f5f63695f6c6173745f726567656e65726174657c693a313530393731393739343b656d61696c7c733a31373a2261656f3230313840676d61696c2e636f6d223b757365725f69647c733a313a2238223b),
('qr5hgt1cke7dils0f8fqfuq7c118vr5v', '::1', 1509720367, 0x5f5f63695f6c6173745f726567656e65726174657c693a313530393732303039373b656d61696c7c733a31373a2261656f3230313840676d61696c2e636f6d223b757365725f69647c733a313a2238223b636172745f636f6e74656e74737c613a333a7b733a31303a22636172745f746f74616c223b643a383538303030303b733a31313a22746f74616c5f6974656d73223b643a31313b733a33323a226562643634653262663139336663386336353861663262393139353263653864223b613a31313a7b733a323a226964223b693a31303532353b733a343a22636f6465223b733a31303a2273756974655f726f6f6d223b733a343a226e616d65223b733a353a225375697465223b733a333a22717479223b643a31313b733a31323a22636865636b696e5f64617465223b733a31313a2238204665622c2032303137223b733a31333a22636865636b6f75745f64617465223b733a31323a223134204665622c2032303137223b733a353a226e69676874223b733a313a2236223b733a353a227072696365223b643a3738303030303b733a31303a22746f74616c7072696365223b693a35313438303030303b733a353a22726f776964223b733a33323a226562643634653262663139336663386336353861663262393139353263653864223b733a383a22737562746f74616c223b643a383538303030303b7d7d),
('8sjbj0g2h7kldeqbm3etrg0g2tuq9p79', '::1', 1509720453, 0x5f5f63695f6c6173745f726567656e65726174657c693a313530393732303430303b656d61696c7c733a31373a2261656f3230313840676d61696c2e636f6d223b757365725f69647c733a313a2238223b636172745f636f6e74656e74737c613a393a7b733a31303a22636172745f746f74616c223b643a31373534353030303b733a31313a22746f74616c5f6974656d73223b643a33313b733a33323a226562643634653262663139336663386336353861663262393139353263653864223b613a31313a7b733a323a226964223b693a31303532353b733a343a22636f6465223b733a31303a2273756974655f726f6f6d223b733a343a226e616d65223b733a353a225375697465223b733a333a22717479223b643a31313b733a31323a22636865636b696e5f64617465223b733a31313a2238204665622c2032303137223b733a31333a22636865636b6f75745f64617465223b733a31323a223134204665622c2032303137223b733a353a226e69676874223b733a313a2236223b733a353a227072696365223b643a3738303030303b733a31303a22746f74616c7072696365223b693a35313438303030303b733a353a22726f776964223b733a33323a226562643634653262663139336663386336353861663262393139353263653864223b733a383a22737562746f74616c223b643a383538303030303b7d733a33323a226237326135613039393433336132303939666333643932663661643361636366223b613a31313a7b733a323a226964223b693a363132383b733a343a22636f6465223b733a31313a2264656c7578655f726f6f6d223b733a343a226e616d65223b733a363a2244656c757865223b733a333a22717479223b643a353b733a31323a22636865636b696e5f64617465223b733a31313a2239204665622c2032303137223b733a31333a22636865636b6f75745f64617465223b733a31323a223135204665622c2032303137223b733a353a226e69676874223b733a313a2236223b733a353a227072696365223b643a3630303030303b733a31303a22746f74616c7072696365223b693a31383030303030303b733a353a22726f776964223b733a33323a226237326135613039393433336132303939666333643932663661643361636366223b733a383a22737562746f74616c223b643a333030303030303b7d733a33323a223532373230653030333534376337303536316266356530336239356161393966223b613a31313a7b733a323a226964223b693a3336313b733a343a22636f6465223b733a31363a227375706572696f725f7477696e5f7476223b733a343a226e616d65223b733a32313a225375706572696f72205477696e2077697468205456223b733a333a22717479223b643a323b733a31323a22636865636b696e5f64617465223b733a31313a2239204665622c2032303137223b733a31333a22636865636b6f75745f64617465223b733a31323a223131204665622c2032303137223b733a353a226e69676874223b733a313a2232223b733a353a227072696365223b643a3436353030303b733a31303a22746f74616c7072696365223b693a313836303030303b733a353a22726f776964223b733a33323a223532373230653030333534376337303536316266356530336239356161393966223b733a383a22737562746f74616c223b643a3933303030303b7d733a33323a226164346363316662396230363866616563666237303931346163633633333935223b613a31313a7b733a323a226964223b693a313933383b733a343a22636f6465223b733a32303a227375706572696f725f7477696e5f6e6f6e5f7476223b733a343a226e616d65223b733a32303a225375706572696f72205477696e206e6f6e2d5456223b733a333a22717479223b643a323b733a31323a22636865636b696e5f64617465223b733a31313a2239204665622c2032303137223b733a31333a22636865636b6f75745f64617465223b733a31323a223136204665622c2032303137223b733a353a226e69676874223b733a313a2237223b733a353a227072696365223b643a3433353030303b733a31303a22746f74616c7072696365223b693a363039303030303b733a353a22726f776964223b733a33323a226164346363316662396230363866616563666237303931346163633633333935223b733a383a22737562746f74616c223b643a3837303030303b7d733a33323a226637343334353663326538323963343862323463383565626438303234656261223b613a31313a7b733a323a226964223b693a31383431343b733a343a22636f6465223b733a31363a227374616e646172645f7477696e5f7476223b733a343a226e616d65223b733a32313a225374616e64617264205477696e2077697468205456223b733a333a22717479223b643a343b733a31323a22636865636b696e5f64617465223b733a31323a223130204665622c2032303137223b733a31333a22636865636b6f75745f64617465223b733a31323a223131204665622c2032303137223b733a353a226e69676874223b733a313a2231223b733a353a227072696365223b643a3432353030303b733a31303a22746f74616c7072696365223b693a313730303030303b733a353a22726f776964223b733a33323a226637343334353663326538323963343862323463383565626438303234656261223b733a383a22737562746f74616c223b643a313730303030303b7d733a33323a226566663234376430316236393564386234396638366563313738623637323161223b613a31313a7b733a323a226964223b693a32353935353b733a343a22636f6465223b733a32303a227374616e646172645f7477696e5f6e6f6e5f7476223b733a343a226e616d65223b733a32303a225374616e64617264205477696e206e6f6e2d5456223b733a333a22717479223b643a353b733a31323a22636865636b696e5f64617465223b733a31313a2239204665622c2032303137223b733a31333a22636865636b6f75745f64617465223b733a31323a223133204665622c2032303137223b733a353a226e69676874223b733a313a2234223b733a353a227072696365223b643a3339353030303b733a31303a22746f74616c7072696365223b693a373930303030303b733a353a22726f776964223b733a33323a226566663234376430316236393564386234396638366563313738623637323161223b733a383a22737562746f74616c223b643a313937353030303b7d733a33323a223065663866656338646464336336373236653533323562343165363164363038223b613a31313a7b733a323a226964223b693a32313634373b733a343a22636f6465223b733a31323a22626f61726465725f726f6f6d223b733a343a226e616d65223b733a373a22426f6172646572223b733a333a22717479223b643a323b733a31323a22636865636b696e5f64617465223b733a31313a2239204665622c2032303137223b733a31333a22636865636b6f75745f64617465223b733a31323a223137204665622c2032303137223b733a353a226e69676874223b733a313a2238223b733a353a227072696365223b643a3234353030303b733a31303a22746f74616c7072696365223b693a333932303030303b733a353a22726f776964223b733a33323a223065663866656338646464336336373236653533323562343165363164363038223b733a383a22737562746f74616c223b643a3439303030303b7d7d),
('bjivcvmv05if3lvbvtpmfudv2j8ipjf9', '::1', 1509721034, 0x5f5f63695f6c6173745f726567656e65726174657c693a313530393732303737343b656d61696c7c733a31373a2261656f3230313840676d61696c2e636f6d223b757365725f69647c733a313a2238223b),
('gll7mp8nivclskujb2f7tk3dub1sab4b', '::1', 1509721405, 0x5f5f63695f6c6173745f726567656e65726174657c693a313530393732313131303b656d61696c7c733a31373a2261656f3230313840676d61696c2e636f6d223b757365725f69647c733a313a2238223b),
('n842dpm8vefp663cps7upj42tv675ppo', '::1', 1509721767, 0x5f5f63695f6c6173745f726567656e65726174657c693a313530393732313530353b656d61696c7c733a31373a2261656f3230313840676d61696c2e636f6d223b757365725f69647c733a313a2238223b),
('t36f8keu2574fsv4s1nrmf91gpliisol', '::1', 1509722011, 0x5f5f63695f6c6173745f726567656e65726174657c693a313530393732313832303b656d61696c7c733a31373a2261656f3230313840676d61696c2e636f6d223b757365725f69647c733a313a2238223b),
('28g3fmjgensequ15etc7c82fnqkdgln1', '::1', 1509737312, 0x5f5f63695f6c6173745f726567656e65726174657c693a313530393733373236363b656d61696c7c733a31373a2261656f3230313840676d61696c2e636f6d223b757365725f69647c733a313a2238223b),
('qi2vn66q8bsnspsitv10v9bnctlv8d49', '::1', 1509738067, 0x5f5f63695f6c6173745f726567656e65726174657c693a313530393733373833313b656d61696c7c733a31373a2261656f3230313840676d61696c2e636f6d223b757365725f69647c733a313a2238223b),
('6s8qg768guhg9cfefrh8387ifr5tn3uv', '::1', 1509738368, 0x5f5f63695f6c6173745f726567656e65726174657c693a313530393733383232303b656d61696c7c733a31373a2261656f3230313840676d61696c2e636f6d223b757365725f69647c733a313a2238223b),
('oa00edecoqar0vubobq8a7mp6r49pn9f', '::1', 1509739004, 0x5f5f63695f6c6173745f726567656e65726174657c693a313530393733383731333b656d61696c7c733a31373a2261656f3230313840676d61696c2e636f6d223b757365725f69647c733a313a2238223b6d73677c733a36383a22496e766f69636520494420637265617465642e20596f752077696c6c206265207265646972656374656420746f20796f7572207061796d656e742064657461696c732021223b5f5f63695f766172737c613a313a7b733a333a226d7367223b733a333a226f6c64223b7d),
('qffr5a6c70g3fmrii4hg4a8dnmin92gu', '::1', 1509739233, 0x5f5f63695f6c6173745f726567656e65726174657c693a313530393733393034383b656d61696c7c733a31373a2261656f3230313840676d61696c2e636f6d223b757365725f69647c733a313a2238223b),
('nsa0cco4d5h064ovmduma93baubc3hu1', '::1', 1509739452, 0x5f5f63695f6c6173745f726567656e65726174657c693a313530393733393335373b656d61696c7c733a31373a2261656f3230313840676d61696c2e636f6d223b757365725f69647c733a313a2238223b),
('h895r6v7m2cm24ne4mb2ftl2rsgmltf8', '::1', 1510039843, 0x5f5f63695f6c6173745f726567656e65726174657c693a313531303033393634353b656d61696c7c733a31373a2261656f3230313840676d61696c2e636f6d223b757365725f69647c733a313a2238223b6d73677c733a33353a224461746120486173204265656e205375636365737366756c6c79205570646174656421223b5f5f63695f766172737c613a313a7b733a333a226d7367223b733a333a226f6c64223b7d),
('7s664uvic20snondhjaqr1k7qd0jovka', '::1', 1510040243, 0x5f5f63695f6c6173745f726567656e65726174657c693a313531303034303131313b),
('8fbuiqvsa6tduj4mlcv6eq86884dmm63', '::1', 1510040528, 0x5f5f63695f6c6173745f726567656e65726174657c693a313531303034303432393b656d61696c7c733a31373a2261656f3230313840676d61696c2e636f6d223b757365725f69647c733a313a2238223b),
('if63d01pikh34qkursj4tenic2eeupga', '::1', 1510041389, 0x5f5f63695f6c6173745f726567656e65726174657c693a313531303034313338383b656d61696c7c733a31373a2261656f3230313840676d61696c2e636f6d223b757365725f69647c733a313a2238223b),
('5elke0d654a096eon4f63m2sc5bcvgf9', '::1', 1510041926, 0x5f5f63695f6c6173745f726567656e65726174657c693a313531303034313735343b656d61696c7c733a31373a2261656f3230313840676d61696c2e636f6d223b757365725f69647c733a313a2238223b),
('h5qgseipjq2dkuvl4k31ono4673tav3q', '::1', 1510042193, 0x5f5f63695f6c6173745f726567656e65726174657c693a313531303034323131363b656d61696c7c733a31373a2261656f3230313840676d61696c2e636f6d223b757365725f69647c733a313a2238223b),
('srjimijsipor9u59dsc7ifkmrmhm3k5a', '::1', 1510042728, 0x5f5f63695f6c6173745f726567656e65726174657c693a313531303034323531323b656d61696c7c733a31373a2261656f3230313840676d61696c2e636f6d223b757365725f69647c733a313a2238223b),
('7th0ht7m1dgeao76gafiii6tqt1ltkh4', '::1', 1510043272, 0x5f5f63695f6c6173745f726567656e65726174657c693a313531303034333034393b656d61696c7c733a31373a2261656f3230313840676d61696c2e636f6d223b757365725f69647c733a313a2238223b636172745f636f6e74656e74737c613a333a7b733a31303a22636172745f746f74616c223b643a313536303030303b733a31313a22746f74616c5f6974656d73223b643a323b733a33323a223763333961356639393162656634613165333431383736373761363538373164223b613a31313a7b733a323a226964223b693a373033373b733a343a22636f6465223b733a31303a2273756974655f726f6f6d223b733a343a226e616d65223b733a353a225375697465223b733a333a22717479223b643a323b733a31323a22636865636b696e5f64617465223b733a31323a223137204665622c2032303137223b733a31333a22636865636b6f75745f64617465223b733a31323a223138204665622c2032303137223b733a353a226e69676874223b733a313a2231223b733a353a227072696365223b643a3738303030303b733a31303a22746f74616c7072696365223b693a313536303030303b733a353a22726f776964223b733a33323a223763333961356639393162656634613165333431383736373761363538373164223b733a383a22737562746f74616c223b643a313536303030303b7d7d),
('gv07bsp1f9l5eta6qgukcgpl5hmm6f9e', '::1', 1510043507, 0x5f5f63695f6c6173745f726567656e65726174657c693a313531303034333430383b656d61696c7c733a31373a2261656f3230313840676d61696c2e636f6d223b757365725f69647c733a313a2238223b),
('ms78atce19aibvv3hfgvp6f09bnra4dj', '::1', 1510045456, 0x5f5f63695f6c6173745f726567656e65726174657c693a313531303034353435363b656d61696c7c733a31373a2261656f3230313840676d61696c2e636f6d223b757365725f69647c733a313a2238223b),
('2v884e4kcrdcb8c0it7s9cgln5p5ekr9', '::1', 1510069201, 0x5f5f63695f6c6173745f726567656e65726174657c693a313531303036393230313b),
('0ijgg4bv7k6a15ntkpfbjldh65jenbgj', '::1', 1510069581, 0x5f5f63695f6c6173745f726567656e65726174657c693a313531303036393537313b),
('fckq619hlpmqu2m6hur5lebli8cl87is', '::1', 1510070409, 0x5f5f63695f6c6173745f726567656e65726174657c693a313531303037303335323b),
('3e865cqfajuc9o2dpi5r4sf3qr803ofa', '::1', 1510155162, 0x5f5f63695f6c6173745f726567656e65726174657c693a313531303135353134393b656d61696c7c733a31373a2261656f3230313840676d61696c2e636f6d223b757365725f69647c733a313a2238223b),
('89c4ji96mliq78fekig8l9btpbk3ccg4', '::1', 1510233947, 0x5f5f63695f6c6173745f726567656e65726174657c693a313531303233333635343b656d61696c7c733a31373a2261656f3230313840676d61696c2e636f6d223b757365725f69647c733a313a2238223b),
('ua9knfh4380ha16p62amnckvhp6vqssi', '::1', 1510233968, 0x5f5f63695f6c6173745f726567656e65726174657c693a313531303233333936383b656d61696c7c733a31373a2261656f3230313840676d61696c2e636f6d223b757365725f69647c733a313a2238223b),
('b4sqqpjil67tv8l1n0fdq32o08tksnfk', '::1', 1510236166, 0x5f5f63695f6c6173745f726567656e65726174657c693a313531303233353837313b656d61696c7c733a32353a226d79726567697340696e7465726e6174696f6e616c2e61656f223b757365725f69647c733a313a2239223b),
('iokk03u9rq2bk2p3m8h7igiv91mrlm19', '::1', 1510236179, 0x5f5f63695f6c6173745f726567656e65726174657c693a313531303233363137393b656d61696c7c733a32353a226d79726567697340696e7465726e6174696f6e616c2e61656f223b757365725f69647c733a313a2239223b),
('ibuauv7e7coji2k819ra5duu9k044e1g', '::1', 1510237024, 0x5f5f63695f6c6173745f726567656e65726174657c693a313531303233363839343b656d61696c7c733a32353a226d79726567697340696e7465726e6174696f6e616c2e61656f223b757365725f69647c733a313a2239223b),
('58t46vvublehor15bjuqgevb3hgnn42s', '::1', 1510237336, 0x5f5f63695f6c6173745f726567656e65726174657c693a313531303233373239343b656d61696c7c733a32353a226d79726567697340696e7465726e6174696f6e616c2e61656f223b757365725f69647c733a313a2239223b),
('cmpabtfb8d92d82lhd0a3e8jknk0frhb', '::1', 1510237874, 0x5f5f63695f6c6173745f726567656e65726174657c693a313531303233373637303b656d61696c7c733a32353a226d79726567697340696e7465726e6174696f6e616c2e61656f223b757365725f69647c733a313a2239223b),
('bt2ehfvkhv19tl84v5vrh3jtgoapive7', '::1', 1510238257, 0x5f5f63695f6c6173745f726567656e65726174657c693a313531303233383037343b656d61696c7c733a32353a226d79726567697340696e7465726e6174696f6e616c2e61656f223b757365725f69647c733a313a2239223b),
('u3i0t3d69ntsib5nu85urb4ohpbe2ukd', '::1', 1510238581, 0x5f5f63695f6c6173745f726567656e65726174657c693a313531303233383435363b656d61696c7c733a32353a226d79726567697340696e7465726e6174696f6e616c2e61656f223b757365725f69647c733a313a2239223b),
('0prvnhncvtpeth9egf0qcik2tknu2c20', '::1', 1510239254, 0x5f5f63695f6c6173745f726567656e65726174657c693a313531303233393037373b656d61696c7c733a32353a226d79726567697340696e7465726e6174696f6e616c2e61656f223b757365725f69647c733a313a2239223b),
('9hqdl5mu9ti7v0fctbdhkcf2h32oq4ca', '::1', 1510239516, 0x5f5f63695f6c6173745f726567656e65726174657c693a313531303233393431333b656d61696c7c733a32353a226d79726567697340696e7465726e6174696f6e616c2e61656f223b757365725f69647c733a313a2239223b),
('s9npo1hil6il7spkd7alg1ag35cc1k6n', '::1', 1510239889, 0x5f5f63695f6c6173745f726567656e65726174657c693a313531303233393737343b656d61696c7c733a32353a226d79726567697340696e7465726e6174696f6e616c2e61656f223b757365725f69647c733a313a2239223b),
('ledte84nogp6vvpfjicrmv6uvkrrtjp7', '::1', 1510240966, 0x5f5f63695f6c6173745f726567656e65726174657c693a313531303234303732313b656d61696c7c733a32353a226d79726567697340696e7465726e6174696f6e616c2e61656f223b757365725f69647c733a313a2239223b),
('e3ejfogtm7kejlcof9iuthhp4av1442d', '::1', 1510241342, 0x5f5f63695f6c6173745f726567656e65726174657c693a313531303234313034343b656d61696c7c733a32353a226d79726567697340696e7465726e6174696f6e616c2e61656f223b757365725f69647c733a313a2239223b),
('h1ti3acqihfio3qpcdeteubia77nab7k', '::1', 1510241480, 0x5f5f63695f6c6173745f726567656e65726174657c693a313531303234313336323b656d61696c7c733a32353a226d79726567697340696e7465726e6174696f6e616c2e61656f223b757365725f69647c733a313a2239223b),
('ri0mq3taqkm5o9r03lujvdit0c3j56sk', '::1', 1510241976, 0x5f5f63695f6c6173745f726567656e65726174657c693a313531303234313731373b656d61696c7c733a32353a226d79726567697340696e7465726e6174696f6e616c2e61656f223b757365725f69647c733a313a2239223b),
('73t19i39cj7i6sqhdq460ecpmjj84ucl', '::1', 1510242569, 0x5f5f63695f6c6173745f726567656e65726174657c693a313531303234323535363b656d61696c7c733a31373a2261656f3230313840676d61696c2e636f6d223b757365725f69647c733a313a2238223b),
('vk3ts6msueq40fgq5vsdq4hftsovr75n', '::1', 1510243772, 0x5f5f63695f6c6173745f726567656e65726174657c693a313531303234333737323b656d61696c7c733a31373a2261656f3230313840676d61696c2e636f6d223b757365725f69647c733a313a2238223b),
('dsk4fn4lfke7b8jcdhk77n1nhskl5ha8', '::1', 1510255424, 0x5f5f63695f6c6173745f726567656e65726174657c693a313531303235353432343b),
('7eg71qpk7ud7ns6jqpt8d8atmockfsee', '::1', 1510257315, 0x5f5f63695f6c6173745f726567656e65726174657c693a313531303235373031393b656d61696c7c733a31373a2261656f3230313840676d61696c2e636f6d223b757365725f69647c733a313a2238223b);
INSERT INTO `ci_sessions` (`id`, `ip_address`, `timestamp`, `data`) VALUES
('vmdh447sh9lmgsp9e9bjutjnglb1loe6', '::1', 1510258225, 0x5f5f63695f6c6173745f726567656e65726174657c693a313531303235383034353b),
('7vdrlkauc8d708gjm83b299a1neb3egh', '::1', 1510306329, 0x5f5f63695f6c6173745f726567656e65726174657c693a313531303330363130373b656d61696c7c733a32353a226d79726567697340696e7465726e6174696f6e616c2e61656f223b757365725f69647c733a313a2239223b),
('q4pgmg3fta54r5gk0mfiee0cgt3bdk7q', '::1', 1510306580, 0x5f5f63695f6c6173745f726567656e65726174657c693a313531303330363537303b656d61696c7c733a32353a226d79726567697340696e7465726e6174696f6e616c2e61656f223b757365725f69647c733a313a2239223b),
('4ut0ts98vma5hrt0a0pmsp51fdnpuukh', '::1', 1510308338, 0x5f5f63695f6c6173745f726567656e65726174657c693a313531303330383239353b656d61696c7c733a32353a226d79726567697340696e7465726e6174696f6e616c2e61656f223b757365725f69647c733a313a2239223b),
('h3pvm9p487uq38t3tj8f1a49cnhhqkjs', '::1', 1510336805, 0x5f5f63695f6c6173745f726567656e65726174657c693a313531303333363637383b656d61696c7c733a31373a2261656f3230313840676d61696c2e636f6d223b757365725f69647c733a313a2238223b),
('2hjhej3kbuv00ha39u362ea88fcep8b8', '::1', 1510339513, 0x5f5f63695f6c6173745f726567656e65726174657c693a313531303333393434333b656d61696c7c733a32353a226d79726567697340696e7465726e6174696f6e616c2e61656f223b757365725f69647c733a313a2239223b),
('8jdoqsktvm8aksdm72cq946i3fkvhjmf', '::1', 1510340567, 0x5f5f63695f6c6173745f726567656e65726174657c693a313531303334303536363b656d61696c7c733a32353a226d79726567697340696e7465726e6174696f6e616c2e61656f223b757365725f69647c733a313a2239223b),
('527o05a7i01dgd64gj4idei4b6llmtb1', '::1', 1510372638, 0x5f5f63695f6c6173745f726567656e65726174657c693a313531303337323336323b),
('kfjq2be0ljdloeunvuiaptv65inm5eg2', '::1', 1510372959, 0x5f5f63695f6c6173745f726567656e65726174657c693a313531303337323636363b656d61696c7c733a32353a226d79726567697340696e7465726e6174696f6e616c2e61656f223b757365725f69647c733a313a2239223b),
('pik5gu1aqb3flf20ms5a412ortqjjc2h', '::1', 1510373228, 0x5f5f63695f6c6173745f726567656e65726174657c693a313531303337333037343b656d61696c7c733a31373a2261656f3230313840676d61696c2e636f6d223b757365725f69647c733a313a2238223b),
('cim13br7c7nvuebrk8mikmhrjjn6ehed', '::1', 1510374025, 0x5f5f63695f6c6173745f726567656e65726174657c693a313531303337333337393b656d61696c7c733a31373a2261656f3230313840676d61696c2e636f6d223b757365725f69647c733a313a2238223b),
('q59nlgu4bai1s00sl6tm28ql00jep5rp', '::1', 1510374184, 0x5f5f63695f6c6173745f726567656e65726174657c693a313531303337343130343b656d61696c7c733a31373a2261656f3230313840676d61696c2e636f6d223b757365725f69647c733a313a2238223b),
('tmi3outj7ijngvb78ro6ih8bn7bo935g', '::1', 1510374914, 0x5f5f63695f6c6173745f726567656e65726174657c693a313531303337343633323b656d61696c7c733a32353a226d79726567697340696e7465726e6174696f6e616c2e61656f223b757365725f69647c733a313a2239223b),
('epj4h6acvgkqvr96fqk0irs7132tgel6', '::1', 1510390601, 0x5f5f63695f6c6173745f726567656e65726174657c693a313531303339303232313b656d61696c7c733a31373a2261656f3230313840676d61696c2e636f6d223b757365725f69647c733a313a2238223b),
('avvabc9jcmt6ucir1vdtd4hrt9pbpgmk', '::1', 1510391177, 0x5f5f63695f6c6173745f726567656e65726174657c693a313531303339313030313b656d61696c7c733a31373a2261656f3230313840676d61696c2e636f6d223b757365725f69647c733a313a2238223b6d73677c733a38313a22436f6e6669726d6174696f6e205061796d656e742020486173204265656e204d6164652c20506c65617365205761697420556e74696c2041646d696e20417070726f766520596f7572205061796d656e74223b5f5f63695f766172737c613a313a7b733a333a226d7367223b733a333a226f6c64223b7d),
('pd2965iu2si2asnkl8ok4hihbrd5jlbc', '::1', 1510391588, 0x5f5f63695f6c6173745f726567656e65726174657c693a313531303339313332383b656d61696c7c733a31373a2261656f3230313840676d61696c2e636f6d223b757365725f69647c733a313a2238223b),
('tre1bqrecd76pd0kr7t9pqcr09poa9d9', '::1', 1510392517, 0x5f5f63695f6c6173745f726567656e65726174657c693a313531303339323231383b656d61696c7c733a31373a2261656f3230313840676d61696c2e636f6d223b757365725f69647c733a313a2238223b),
('3du7jr4uav0hjkmbo82dct3ap9n4ru8l', '::1', 1510392567, 0x5f5f63695f6c6173745f726567656e65726174657c693a313531303339323535343b656d61696c7c733a31373a2261656f3230313840676d61696c2e636f6d223b757365725f69647c733a313a2238223b),
('5a8d0ukvlre5dpqijqrv24sdsud2gb0s', '::1', 1510393699, 0x5f5f63695f6c6173745f726567656e65726174657c693a313531303339333639393b656d61696c7c733a31373a2261656f3230313840676d61696c2e636f6d223b757365725f69647c733a313a2238223b),
('msoh7ums3c9geeho82eap0lo2p0k58mr', '::1', 1510394302, 0x5f5f63695f6c6173745f726567656e65726174657c693a313531303339343039303b656d61696c7c733a31373a2261656f3230313840676d61696c2e636f6d223b757365725f69647c733a313a2238223b),
('pmje9hqfunr1jedrh5hk15c7song3puo', '::1', 1510394725, 0x5f5f63695f6c6173745f726567656e65726174657c693a313531303339343630333b656d61696c7c733a31373a2261656f3230313840676d61696c2e636f6d223b757365725f69647c733a313a2238223b),
('urt6k42s0bidg7unf86ecl1so2coorog', '::1', 1510395783, 0x5f5f63695f6c6173745f726567656e65726174657c693a313531303339353731323b656d61696c7c733a31373a2261656f3230313840676d61696c2e636f6d223b757365725f69647c733a313a2238223b),
('rocsnesanh7u9ra49udg1g4k992sl81i', '::1', 1510396845, 0x5f5f63695f6c6173745f726567656e65726174657c693a313531303339363538363b656d61696c7c733a31373a2261656f3230313840676d61696c2e636f6d223b757365725f69647c733a313a2238223b),
('h43s9fhjhp25cd0e0na8elqph5aoq2om', '::1', 1510397051, 0x5f5f63695f6c6173745f726567656e65726174657c693a313531303339373034303b656d61696c7c733a31373a2261656f3230313840676d61696c2e636f6d223b757365725f69647c733a313a2238223b),
('hr3h86innftma5q3n5kb3hj7aisq3da7', '::1', 1510397654, 0x5f5f63695f6c6173745f726567656e65726174657c693a313531303339373635343b656d61696c7c733a31373a2261656f3230313840676d61696c2e636f6d223b757365725f69647c733a313a2238223b),
('4ulpdktslia2qlqo45pv5uuv04lssvap', '::1', 1510420643, 0x5f5f63695f6c6173745f726567656e65726174657c693a313531303432303337353b),
('19amaoqef4rdaoqfg81sgotklo7pndrp', '::1', 1510420990, 0x5f5f63695f6c6173745f726567656e65726174657c693a313531303432303736343b),
('3e2llibe0a77jkdocvahh5cib2n4ni6r', '::1', 1510421353, 0x5f5f63695f6c6173745f726567656e65726174657c693a313531303432313038383b),
('t9qsq584sohpfqr1ah6capdgbhlahopi', '::1', 1510421409, 0x5f5f63695f6c6173745f726567656e65726174657c693a313531303432313430393b),
('h6b8jmf3sr69magr90tv6k6o9l9rrs68', '::1', 1510484341, 0x5f5f63695f6c6173745f726567656e65726174657c693a313531303438343037393b),
('m5a6pvp7pv9i89mq3e4na6m6bnl6nhan', '::1', 1510484655, 0x5f5f63695f6c6173745f726567656e65726174657c693a313531303438343339353b),
('9mq57ccsm7qnjtb6gdfl14qbi26q8fr9', '::1', 1510485133, 0x5f5f63695f6c6173745f726567656e65726174657c693a313531303438353031353b),
('qmtlakh9hkrgj02bqi0pgjs8a4fo9plp', '::1', 1510485620, 0x5f5f63695f6c6173745f726567656e65726174657c693a313531303438353339343b),
('bj2lutg28f6dnlqbdqt0l62nu6841kcg', '::1', 1510486004, 0x5f5f63695f6c6173745f726567656e65726174657c693a313531303438353731363b),
('3ccsf9fhu6shdka85bd1861vlrhfqe53', '::1', 1510486313, 0x5f5f63695f6c6173745f726567656e65726174657c693a313531303438363032313b),
('nfdv82pbaou9gkj8bd3jns7pva4vg4pj', '::1', 1510486453, 0x5f5f63695f6c6173745f726567656e65726174657c693a313531303438363336373b),
('t1uthfvp1hp0euk1t16t1klgib4h49jg', '::1', 1510488600, 0x5f5f63695f6c6173745f726567656e65726174657c693a313531303438383336353b656d61696c7c733a31373a2261656f3230313840676d61696c2e636f6d223b757365725f69647c733a313a2238223b),
('hnvcp4b82cv0ka8hrujfui8eom75blgm', '::1', 1510815976, 0x5f5f63695f6c6173745f726567656e65726174657c693a313531303831353638363b),
('311ov9g39vtckppjvjmo63r5qj6bqe40', '::1', 1510816476, 0x5f5f63695f6c6173745f726567656e65726174657c693a313531303831363139303b),
('f2rt41ntsbf5luvolh5jar3m4cmbclum', '::1', 1510816782, 0x5f5f63695f6c6173745f726567656e65726174657c693a313531303831363533343b),
('d3p50j8bkm0nt0nrlkck1usaf5f5d236', '::1', 1510816965, 0x5f5f63695f6c6173745f726567656e65726174657c693a313531303831363834383b),
('fn39rcqba2d5ll9def7nb2gdiie451d8', '::1', 1510817734, 0x5f5f63695f6c6173745f726567656e65726174657c693a313531303831373438323b),
('2bt3eof8t1dk7b514ndrt7aomqco1mo7', '::1', 1510817893, 0x5f5f63695f6c6173745f726567656e65726174657c693a313531303831373738333b656d61696c7c733a31373a2261656f3230313840676d61696c2e636f6d223b757365725f69647c733a313a2238223b),
('opd4elbi6eapfpappaittmlhhu2th00f', '::1', 1510818333, 0x5f5f63695f6c6173745f726567656e65726174657c693a313531303831383238303b656d61696c7c733a31373a2261656f3230313840676d61696c2e636f6d223b757365725f69647c733a313a2238223b),
('6fs5t00l4ncnep41sjh1tg2468epos6p', '::1', 1510819279, 0x5f5f63695f6c6173745f726567656e65726174657c693a313531303831393035353b656d61696c7c733a31373a2261656f3230313840676d61696c2e636f6d223b757365725f69647c733a313a2238223b),
('e0oc8hcijdk9kvslsjq1n5cuh191ag26', '::1', 1510819657, 0x5f5f63695f6c6173745f726567656e65726174657c693a313531303831393436393b656d61696c7c733a31373a2261656f3230313840676d61696c2e636f6d223b757365725f69647c733a313a2238223b),
('nlq1p241sobplpjv93tse1agl3gfttmp', '::1', 1510819785, 0x5f5f63695f6c6173745f726567656e65726174657c693a313531303831393738353b656d61696c7c733a31373a2261656f3230313840676d61696c2e636f6d223b757365725f69647c733a313a2238223b),
('s3hg5n6oca49s7cik8c540p875qfiuno', '::1', 1510821317, 0x5f5f63695f6c6173745f726567656e65726174657c693a313531303832313331343b656d61696c7c733a31373a2261656f3230313840676d61696c2e636f6d223b757365725f69647c733a313a2238223b),
('6tb46q251iuh3e11cc6h09qh5dgqakg1', '::1', 1510822262, 0x5f5f63695f6c6173745f726567656e65726174657c693a313531303832323131353b656d61696c7c733a31373a2261656f3230313840676d61696c2e636f6d223b757365725f69647c733a313a2238223b),
('lppj6njrovaeh6qq7icvolo9ajrca082', '::1', 1510822699, 0x5f5f63695f6c6173745f726567656e65726174657c693a313531303832323531393b656d61696c7c733a31373a2261656f3230313840676d61696c2e636f6d223b757365725f69647c733a313a2238223b),
('57mo1lm10jee7qhk4tto3oj5u9aujnqd', '::1', 1510822939, 0x5f5f63695f6c6173745f726567656e65726174657c693a313531303832323839323b656d61696c7c733a31373a2261656f3230313840676d61696c2e636f6d223b757365725f69647c733a313a2238223b),
('umjvmukoecaig68pplevsh4ehg0otg42', '::1', 1510825093, 0x5f5f63695f6c6173745f726567656e65726174657c693a313531303832353039333b656d61696c7c733a31373a2261656f3230313840676d61696c2e636f6d223b757365725f69647c733a313a2238223b),
('ja5t09sddr7ksn9tr5ppoen1c4aiugca', '::1', 1510827438, 0x5f5f63695f6c6173745f726567656e65726174657c693a313531303832373134313b656d61696c7c733a31373a2261656f3230313840676d61696c2e636f6d223b757365725f69647c733a313a2238223b),
('abe4rcjhc49hbo6uariqoojmtn9ujk2s', '::1', 1510827635, 0x5f5f63695f6c6173745f726567656e65726174657c693a313531303832373437323b656d61696c7c733a31373a2261656f3230313840676d61696c2e636f6d223b757365725f69647c733a313a2238223b),
('cp7lqo3q1i1o6io79shk3r4bdn8vf9mf', '::1', 1510828088, 0x5f5f63695f6c6173745f726567656e65726174657c693a313531303832383038383b656d61696c7c733a31373a2261656f3230313840676d61696c2e636f6d223b757365725f69647c733a313a2238223b),
('klv5kgt7tgidc1kan1bme4kq8pcb017a', '::1', 1510841770, 0x5f5f63695f6c6173745f726567656e65726174657c693a313531303834313437363b656d61696c7c733a31373a2261656f3230313840676d61696c2e636f6d223b757365725f69647c733a313a2238223b),
('ddqm5547uafvoi7o60hmami6b8nq0ejr', '::1', 1510842058, 0x5f5f63695f6c6173745f726567656e65726174657c693a313531303834313832383b656d61696c7c733a31373a2261656f3230313840676d61696c2e636f6d223b757365725f69647c733a313a2238223b),
('9h71h83cv5u913rdsnfdmh0i998pkf0h', '::1', 1510842637, 0x5f5f63695f6c6173745f726567656e65726174657c693a313531303834323338393b),
('mq8jsf7soapk7cdmebvdq1cgujf8t2fh', '::1', 1510843516, 0x5f5f63695f6c6173745f726567656e65726174657c693a313531303834333232373b656d61696c7c733a31373a2261656f3230313840676d61696c2e636f6d223b757365725f69647c733a313a2238223b),
('4o9fg2i04p642a7195kddd4edmckvicq', '::1', 1510844680, 0x5f5f63695f6c6173745f726567656e65726174657c693a313531303834343630363b656d61696c7c733a31373a2261656f3230313840676d61696c2e636f6d223b757365725f69647c733a313a2238223b),
('8ijt07qo0or29ff0e8q4q3ij8lntgn0e', '::1', 1510845565, 0x5f5f63695f6c6173745f726567656e65726174657c693a313531303834353438303b656d61696c7c733a31373a2261656f3230313840676d61696c2e636f6d223b757365725f69647c733a313a2238223b),
('m45qqaqoscic9e7p71669g9af2ieg5nq', '::1', 1510845980, 0x5f5f63695f6c6173745f726567656e65726174657c693a313531303834353937323b656d61696c7c733a31373a2261656f3230313840676d61696c2e636f6d223b757365725f69647c733a313a2238223b),
('r425epsonum81s669kkd2fati5ofmvhl', '::1', 1510846645, 0x5f5f63695f6c6173745f726567656e65726174657c693a313531303834363430303b656d61696c7c733a31373a2261656f3230313840676d61696c2e636f6d223b757365725f69647c733a313a2238223b),
('j458uum72jup28lpdpghsqda8pb6uc1a', '::1', 1510852622, 0x5f5f63695f6c6173745f726567656e65726174657c693a313531303835323632323b656d61696c7c733a31373a2261656f3230313840676d61696c2e636f6d223b757365725f69647c733a313a2238223b),
('s44gvhic3grve3cbi0g2c6dbfbe6jbdh', '::1', 1510892443, 0x5f5f63695f6c6173745f726567656e65726174657c693a313531303839323139313b656d61696c7c733a31373a2261656f3230313840676d61696c2e636f6d223b757365725f69647c733a313a2238223b),
('afjnuano5kjf7emkmilsr7m9voeaadd4', '::1', 1510893000, 0x5f5f63695f6c6173745f726567656e65726174657c693a313531303839323736353b656d61696c7c733a31373a2261656f3230313840676d61696c2e636f6d223b757365725f69647c733a313a2238223b),
('i9456ok2cjo2snb19fkl6pmfds9c5s5n', '::1', 1510893386, 0x5f5f63695f6c6173745f726567656e65726174657c693a313531303839333130353b656d61696c7c733a31373a2261656f3230313840676d61696c2e636f6d223b757365725f69647c733a313a2238223b),
('96o5ept225s3frv57hff9h3lt5qujff4', '::1', 1510893712, 0x5f5f63695f6c6173745f726567656e65726174657c693a313531303839333431363b656d61696c7c733a31373a2261656f3230313840676d61696c2e636f6d223b757365725f69647c733a313a2238223b),
('vidfh2lbiior4v2ef4gbm0k4423uvp7n', '::1', 1510894314, 0x5f5f63695f6c6173745f726567656e65726174657c693a313531303839343233353b656d61696c7c733a31373a2261656f3230313840676d61696c2e636f6d223b757365725f69647c733a313a2238223b),
('htjgk0ldd4pidek5qrjhffv1f4aidtq7', '::1', 1510898550, 0x5f5f63695f6c6173745f726567656e65726174657c693a313531303839383430383b656d61696c7c733a31373a2261656f3230313840676d61696c2e636f6d223b757365725f69647c733a313a2238223b);

-- --------------------------------------------------------

--
-- Table structure for table `confirmation`
--

CREATE TABLE `confirmation` (
  `confirmation_id` int(11) NOT NULL,
  `ins_id` int(11) NOT NULL,
  `invoice_id` int(11) NOT NULL,
  `bank_transfer` varchar(255) NOT NULL,
  `total_transfer` int(11) NOT NULL,
  `rek_name` varchar(255) NOT NULL,
  `image_path` varchar(255) NOT NULL,
  `payment_type` varchar(255) NOT NULL,
  `status` int(11) NOT NULL,
  `created_at` datetime NOT NULL
) ENGINE=InnoDB DEFAULT CHARSET=latin1;

--
-- Dumping data for table `confirmation`
--

INSERT INTO `confirmation` (`confirmation_id`, `ins_id`, `invoice_id`, `bank_transfer`, `total_transfer`, `rek_name`, `image_path`, `payment_type`, `status`, `created_at`) VALUES
(1, 8, 1003013000, 'asd', 123123, 'asd', 'assets/confirmation_photos/1003013000.jpg', 'national', 1, '2017-11-03 02:28:30');

-- --------------------------------------------------------

--
-- Table structure for table `detail`
--

CREATE TABLE `detail` (
  `detail_id` int(11) NOT NULL,
  `invoice_id` int(11) NOT NULL,
  `field_id` int(11) NOT NULL,
  `qty` int(11) NOT NULL,
  `created_at` datetime NOT NULL
) ENGINE=InnoDB DEFAULT CHARSET=latin1;

--
-- Dumping data for table `detail`
--

INSERT INTO `detail` (`detail_id`, `invoice_id`, `field_id`, `qty`, `created_at`) VALUES
(21, 1003004949, 1, 2, '2017-11-03 00:49:49'),
(22, 1003004949, 4, 2, '2017-11-03 00:49:49'),
(23, 1003004949, 6, 2, '2017-11-03 00:49:49'),
(24, 1003004949, 8, 2, '2017-11-03 00:49:49'),
(25, 1003004949, 7, 2, '2017-11-03 00:49:49'),
(26, 1003004949, 2, 6, '2017-11-03 00:49:49'),
(27, 1003004949, 3, 2, '2017-11-03 00:49:49'),
(28, 1003004949, 5, 2, '2017-11-03 00:49:49'),
(29, 1003004949, 9, 2, '2017-11-03 00:49:49'),
(30, 1003013000, 1, 2, '2017-11-03 01:30:00'),
(31, 1003013000, 4, 2, '2017-11-03 01:30:00'),
(32, 1003013000, 6, 2, '2017-11-03 01:30:00'),
(33, 1003013000, 8, 2, '2017-11-03 01:30:00'),
(34, 1003013000, 7, 2, '2017-11-03 01:30:00'),
(35, 1003013000, 2, 6, '2017-11-03 01:30:00'),
(36, 1003013000, 3, 2, '2017-11-03 01:30:00'),
(37, 1003013000, 5, 2, '2017-11-03 01:30:00'),
(38, 1003013000, 9, 2, '2017-11-03 01:30:00'),
(39, 1003022859, 1, 1, '2017-11-03 02:29:00'),
(40, 1003022859, 4, 2, '2017-11-03 02:29:00'),
(41, 1003022859, 6, 2, '2017-11-03 02:29:00'),
(42, 1003022859, 8, 1, '2017-11-03 02:29:00'),
(43, 1003022859, 7, 1, '2017-11-03 02:29:00'),
(44, 1003022859, 2, 4, '2017-11-03 02:29:00'),
(45, 1003022859, 3, 1, '2017-11-03 02:29:00'),
(46, 1003022859, 5, 1, '2017-11-03 02:29:00'),
(47, 1003022859, 9, 1, '2017-11-03 02:29:00'),
(48, 1004030024, 1, 1, '2017-11-04 03:00:24'),
(49, 1004030024, 8, 2, '2017-11-04 03:00:24'),
(50, 1004030024, 2, 6, '2017-11-04 03:00:24'),
(51, 1004030024, 3, 1, '2017-11-04 03:00:24'),
(52, 1004030024, 5, 1, '2017-11-04 03:00:25'),
(53, 1004030024, 9, 2, '2017-11-04 03:00:25'),
(54, 1007152526, 4, 2, '2017-11-07 15:25:26'),
(55, 1007152526, 6, 1, '2017-11-07 15:25:26'),
(56, 1007152526, 8, 2, '2017-11-07 15:25:26'),
(57, 1007152526, 7, 1, '2017-11-07 15:25:26'),
(58, 1007152526, 2, 2, '2017-11-07 15:25:26'),
(59, 1009202232, 4, 3, '2017-11-09 20:22:32'),
(60, 1009202232, 6, 1, '2017-11-09 20:22:32'),
(61, 1009202232, 2, 2, '2017-11-09 20:22:32'),
(62, 1009202232, 5, 1, '2017-11-09 20:22:32'),
(63, 1016220350, 4, 1, '2017-11-16 22:03:50');

-- --------------------------------------------------------

--
-- Table structure for table `field`
--

CREATE TABLE `field` (
  `field_id` int(11) NOT NULL,
  `name` varchar(255) CHARACTER SET latin1 NOT NULL,
  `price` int(20) NOT NULL,
  `stock` int(11) NOT NULL,
  `code` varchar(255) NOT NULL
) ENGINE=InnoDB DEFAULT CHARSET=utf8;

--
-- Dumping data for table `field`
--

INSERT INTO `field` (`field_id`, `name`, `price`, `stock`, `code`) VALUES
(1, 'Speech', 590000, 80, 'SP'),
(2, 'Debate', 780000, 200, 'DB'),
(3, 'Radio Drama', 350000, 30, 'RD'),
(4, 'Spelling Bee', 425000, 60, 'SB'),
(5, 'Newscasting', 590000, 80, 'NC'),
(6, 'Scrabble', 500000, 100, 'SC'),
(7, 'Story Telling', 590000, 60, 'ST'),
(8, 'Short Story Writing', 350000, 80, 'SSW'),
(9, 'Adjudicator', 780000, 50, 'ADJ'),
(10, 'Observer', 400000, 80, 'OBS');

-- --------------------------------------------------------

--
-- Table structure for table `invoice`
--

CREATE TABLE `invoice` (
  `invoice_id` int(11) NOT NULL,
  `ins_id` int(11) NOT NULL,
  `total_price` int(11) NOT NULL,
  `status` int(11) NOT NULL,
  `created_at` datetime NOT NULL
) ENGINE=InnoDB DEFAULT CHARSET=latin1;

--
-- Dumping data for table `invoice`
--

INSERT INTO `invoice` (`invoice_id`, `ins_id`, `total_price`, `status`, `created_at`) VALUES
(1003013000, 8, 13150000, 0, '2017-11-03 01:30:00'),
(1003022859, 8, 7150000, 0, '2017-11-03 02:28:59'),
(1004030024, 8, 7650000, 0, '2017-11-04 03:00:24'),
(1007152526, 8, 1775000, 0, '2017-11-07 15:25:26'),
(1009202232, 8, 1425000, 0, '2017-11-09 20:22:32'),
(1016220350, 8, 425000, 0, '2017-11-16 22:03:50'),
(2003221219, 8, 20710000, 0, '2017-11-03 22:12:19'),
(2003221316, 8, 34790000, 0, '2017-11-03 22:13:16'),
(2004025538, 8, 24150000, 0, '2017-11-04 02:55:38'),
(2004025643, 8, 12090000, 0, '2017-11-04 02:56:43'),
(2004025939, 8, 19185000, 0, '2017-11-04 02:59:39'),
(2007153035, 8, 20000000, 0, '2017-11-07 15:30:35'),
(2011160555, 8, 20000000, 0, '2017-11-11 16:05:55');

-- --------------------------------------------------------

--
-- Table structure for table `participant`
--

CREATE TABLE `participant` (
  `par_id` int(11) NOT NULL,
  `ins_id` int(11) NOT NULL,
  `par_name` varchar(255) NOT NULL,
  `par_email` varchar(255) NOT NULL,
  `par_comp` varchar(255) NOT NULL,
  `par_team` varchar(255) NOT NULL
) ENGINE=InnoDB DEFAULT CHARSET=utf8;

-- --------------------------------------------------------

--
-- Table structure for table `user`
--

CREATE TABLE `user` (
  `id` int(11) NOT NULL,
  `email` varchar(255) NOT NULL,
  `password` varchar(255) NOT NULL,
  `pic` varchar(255) NOT NULL,
  `institution` varchar(255) NOT NULL,
  `country` varchar(255) NOT NULL,
  `institution_type` varchar(255) NOT NULL,
  `institution_logo` varchar(255) NOT NULL,
  `flight_ticket` varchar(255) NOT NULL,
  `timestamp` timestamp NOT NULL DEFAULT CURRENT_TIMESTAMP ON UPDATE CURRENT_TIMESTAMP,
  `phone` varchar(15) NOT NULL,
  `noble_dream` varchar(255) NOT NULL
) ENGINE=InnoDB DEFAULT CHARSET=utf8;

--
-- Dumping data for table `user`
--

INSERT INTO `user` (`id`, `email`, `password`, `pic`, `institution`, `country`, `institution_type`, `institution_logo`, `flight_ticket`, `timestamp`, `phone`, `noble_dream`) VALUES
(4, 'zxcv@zxcv.zcxv', 'fd2cc6c54239c40495a0d3a93b6380eb', 'zxcv', 'zxcv', 'indonesia', 'high school', 'assets/institution-logo/zxcv1.png', '', '2017-10-08 10:58:03', '', ''),
(6, 'zxc@zxc.zxc', 'zxc', 'Hendrawan', 'BINUS', 'indonesia', 'high school', 'assets/institution-logo/61.png', '', '2017-11-01 22:23:29', '', ''),
(8, 'aeo2018@gmail.com', '1381357e4d7469acd5343f9d31e8d18b', 'asd', 'asd', 'indonesia', 'high school', 'assets/institution-logo/asd.jpg', '', '2017-11-07 07:30:43', '123', 'asdfasdf'),
(9, 'myregis@international.aeo', 'a3dd723d8d27f42faefe0a4077aaf1a3', 'International Regis', 'BINUS', 'indonesia', 'university', 'assets/institution-logo/BINUS.png', '', '2017-11-09 14:02:45', '0', '');

--
-- Indexes for dumped tables
--

--
-- Indexes for table `accom`
--
ALTER TABLE `accom`
  ADD PRIMARY KEY (`accom_id`);

--
-- Indexes for table `accom_detail`
--
ALTER TABLE `accom_detail`
  ADD PRIMARY KEY (`detail_id`);

--
-- Indexes for table `accom_list`
--
ALTER TABLE `accom_list`
  ADD PRIMARY KEY (`id`);

--
-- Indexes for table `confirmation`
--
ALTER TABLE `confirmation`
  ADD PRIMARY KEY (`confirmation_id`);

--
-- Indexes for table `detail`
--
ALTER TABLE `detail`
  ADD PRIMARY KEY (`detail_id`);

--
-- Indexes for table `field`
--
ALTER TABLE `field`
  ADD PRIMARY KEY (`field_id`);

--
-- Indexes for table `invoice`
--
ALTER TABLE `invoice`
  ADD PRIMARY KEY (`invoice_id`);

--
-- Indexes for table `participant`
--
ALTER TABLE `participant`
  ADD PRIMARY KEY (`par_id`);

--
-- Indexes for table `user`
--
ALTER TABLE `user`
  ADD PRIMARY KEY (`id`);

--
-- AUTO_INCREMENT for dumped tables
--

--
-- AUTO_INCREMENT for table `accom`
--
ALTER TABLE `accom`
  MODIFY `accom_id` int(11) NOT NULL AUTO_INCREMENT, AUTO_INCREMENT=8;
--
-- AUTO_INCREMENT for table `accom_detail`
--
ALTER TABLE `accom_detail`
  MODIFY `detail_id` int(11) NOT NULL AUTO_INCREMENT, AUTO_INCREMENT=20;
--
-- AUTO_INCREMENT for table `accom_list`
--
ALTER TABLE `accom_list`
  MODIFY `id` int(11) NOT NULL AUTO_INCREMENT;
--
-- AUTO_INCREMENT for table `confirmation`
--
ALTER TABLE `confirmation`
  MODIFY `confirmation_id` int(11) NOT NULL AUTO_INCREMENT, AUTO_INCREMENT=2;
--
-- AUTO_INCREMENT for table `detail`
--
ALTER TABLE `detail`
  MODIFY `detail_id` int(11) NOT NULL AUTO_INCREMENT, AUTO_INCREMENT=64;
--
-- AUTO_INCREMENT for table `field`
--
ALTER TABLE `field`
  MODIFY `field_id` int(11) NOT NULL AUTO_INCREMENT, AUTO_INCREMENT=11;
--
-- AUTO_INCREMENT for table `participant`
--
ALTER TABLE `participant`
  MODIFY `par_id` int(11) NOT NULL AUTO_INCREMENT;
--
-- AUTO_INCREMENT for table `user`
--
ALTER TABLE `user`
  MODIFY `id` int(11) NOT NULL AUTO_INCREMENT, AUTO_INCREMENT=10;
/*!40101 SET CHARACTER_SET_CLIENT=@OLD_CHARACTER_SET_CLIENT */;
/*!40101 SET CHARACTER_SET_RESULTS=@OLD_CHARACTER_SET_RESULTS */;
/*!40101 SET COLLATION_CONNECTION=@OLD_COLLATION_CONNECTION */;
